SUBPROG_COLLECTION,COUNTRY,SUBPROG,AREA,INST,SCODE,MEDIUM,LISTMED,LEVEL,YYYYMM,SPOOL,SUBST,LISTSUB,PRETRE,DETER,VALUE,UNIT,FLAGQUA,FLAGSTA
CHEM,Sweden,PC,SE14,IV,0176,BULK,PC,150,201501,1,CA,DB,,AAF,0.11,mg/l,,
CHEM,Sweden,PC,SE14,IV,0176,BULK,PC,150,201501,1,CL,DB,,IC,4.44,mg/l,,
CHEM,Sweden,PC,SE14,IV,0176,BULK,PC,150,201501,1,COND,DB,,CN,2.76,mS/m,,
CHEM,Sweden,PC,SE14,IV,0176,BULK,PC,150,201501,1,DOC,DB,,,1.1,mg/l,,
CHEM,Sweden,PC,SE14,IV,0176,BULK,PC,150,201501,1,K,DB,,AAF,0.1,mg/l,,
CHEM,Sweden,PC,SE14,IV,0176,BULK,PC,150,201501,1,MG,DB,,AAF,0.28,mg/l,,
CHEM,Sweden,PC,SE14,IV,0176,BULK,PC,150,201501,1,,DB,,AAF,2.4,mg/l,,
CHEM,Sweden,PC,SE14,IV,0176,BULK,PC,150,201501,1,NH4N,DB,,SP,0.1,mg/l,,
CHEM,Sweden,PC,SE14,IV,0176,BULK,PC,150,201501,1,NO3N,DB,,IC,0.23,mg/l,,
CHEM,Sweden,PC,SE14,IV,0176,BULK,PC,150,201501,1,NTOT,DB,,IC,0.334,mg/l,,
CHEM,Sweden,PC,SE14,IV,0176,BULK,PC,150,201501,1,PH,DB,,TIE,4.7,,,
CHEM,Sweden,PC,SE14,IV,0176,BULK,PC,150,201501,1,PREC,DB,,,89,mm,,
CHEM,Sweden,PC,SE14,IV,0176,BULK,PC,150,201501,1,SO4S,DB,,IC,0.32,mg/l,,
CHEM,Sweden,PC,SE14,IV,0176,BULK,PC,150,201502,1,CA,DB,,AAF,0.05,mg/l,,
CHEM,Sweden,PC,SE14,IV,0176,BULK,PC,150,201502,1,CL,DB,,IC,0.71,mg/l,,
CHEM,Sweden,PC,SE14,IV,0176,BULK,PC,150,201502,1,COND,DB,,CN,1.87,mS/m,,
CHEM,Sweden,PC,SE14,IV,0176,BULK,PC,150,201502,1,DOC,DB,,,1.9,mg/l,,
CHEM,Sweden,PC,SE14,IV,0176,BULK,PC,150,201502,1,K,DB,,AAF,0.13,mg/l,,
CHEM,Sweden,PC,SE14,IV,0176,BULK,PC,150,201502,1,MG,DB,,AAF,0.05,mg/l,,
CHEM,Sweden,PC,SE14,IV,0176,BULK,PC,150,201502,1,,DB,,AAF,0.41,mg/l,,
CHEM,Sweden,PC,SE14,IV,0176,BULK,PC,150,201502,1,NH4N,DB,,SP,0.4,mg/l,,
CHEM,Sweden,PC,SE14,IV,0176,BULK,PC,150,201502,1,NO3N,DB,,IC,0.56,mg/l,,
CHEM,Sweden,PC,SE14,IV,0176,BULK,PC,150,201502,1,NTOT,DB,,IC,1.166,mg/l,,
CHEM,Sweden,PC,SE14,IV,0176,BULK,PC,150,201502,1,PH,DB,,TIE,4.6,,,
CHEM,Sweden,PC,SE14,IV,0176,BULK,PC,150,201502,1,PREC,DB,,,53,mm,,
CHEM,Sweden,PC,SE14,IV,0176,BULK,PC,150,201502,1,SO4S,DB,,IC,0.2,mg/l,,
CHEM,Sweden,PC,SE14,IV,0176,BULK,PC,150,201503,1,CA,DB,,AAF,0.11,mg/l,,
CHEM,Sweden,PC,SE14,IV,0176,BULK,PC,150,201503,1,CL,DB,,IC,1.51,mg/l,,
CHEM,Sweden,PC,SE14,IV,0176,BULK,PC,150,201503,1,COND,DB,,CN,2.16,mS/m,,
CHEM,Sweden,PC,SE14,IV,0176,BULK,PC,150,201503,1,DOC,DB,,,2.8,mg/l,,
CHEM,Sweden,PC,SE14,IV,0176,BULK,PC,150,201503,1,K,DB,,AAF,0.09,mg/l,,
CHEM,Sweden,PC,SE14,IV,0176,BULK,PC,150,201503,1,MG,DB,,AAF,0.12,mg/l,,
CHEM,Sweden,PC,SE14,IV,0176,BULK,PC,150,201503,1,,DB,,AAF,0.99,mg/l,,
CHEM,Sweden,PC,SE14,IV,0176,BULK,PC,150,201503,1,NH4N,DB,,SP,0.49,mg/l,,
CHEM,Sweden,PC,SE14,IV,0176,BULK,PC,150,201503,1,NO3N,DB,,IC,0.61,mg/l,,
CHEM,Sweden,PC,SE14,IV,0176,BULK,PC,150,201503,1,NTOT,DB,,IC,1.283,mg/l,,
CHEM,Sweden,PC,SE14,IV,0176,BULK,PC,150,201503,1,PH,DB,,TIE,4.7,,,
CHEM,Sweden,PC,SE14,IV,0176,BULK,PC,150,201503,1,PREC,DB,,,25,mm,,
CHEM,Sweden,PC,SE14,IV,0176,BULK,PC,150,201503,1,SO4S,DB,,IC,0.34,mg/l,,
CHEM,Sweden,PC,SE14,IV,0176,BULK,PC,150,201504,1,CA,DB,,AAF,0.17,mg/l,,
CHEM,Sweden,PC,SE14,IV,0176,BULK,PC,150,201504,1,CL,DB,,IC,0.85,mg/l,,
CHEM,Sweden,PC,SE14,IV,0176,BULK,PC,150,201504,1,COND,DB,,CN,1.38,mS/m,,
CHEM,Sweden,PC,SE14,IV,0176,BULK,PC,150,201504,1,DOC,DB,,,2.7,mg/l,,
CHEM,Sweden,PC,SE14,IV,0176,BULK,PC,150,201504,1,K,DB,,AAF,0.07,mg/l,,
CHEM,Sweden,PC,SE14,IV,0176,BULK,PC,150,201504,1,MG,DB,,AAF,0.07,mg/l,,
CHEM,Sweden,PC,SE14,IV,0176,BULK,PC,150,201504,1,,DB,,AAF,0.51,mg/l,,
CHEM,Sweden,PC,SE14,IV,0176,BULK,PC,150,201504,1,NH4N,DB,,SP,0.51,mg/l,,
CHEM,Sweden,PC,SE14,IV,0176,BULK,PC,150,201504,1,NO3N,DB,,IC,0.4,mg/l,,
CHEM,Sweden,PC,SE14,IV,0176,BULK,PC,150,201504,1,NTOT,DB,,IC,0.993,mg/l,,
CHEM,Sweden,PC,SE14,IV,0176,BULK,PC,150,201504,1,PH,DB,,TIE,5.2,,,
CHEM,Sweden,PC,SE14,IV,0176,BULK,PC,150,201504,1,PREC,DB,,,43,mm,,
CHEM,Sweden,PC,SE14,IV,0176,BULK,PC,150,201504,1,SO4S,DB,,IC,0.33,mg/l,,
CHEM,Sweden,PC,SE14,IV,0176,BULK,PC,150,201505,1,CA,DB,,AAF,0.11,mg/l,,
CHEM,Sweden,PC,SE14,IV,0176,BULK,PC,150,201505,1,CL,DB,,IC,0.83,mg/l,,
CHEM,Sweden,PC,SE14,IV,0176,BULK,PC,150,201505,1,COND,DB,,CN,1.44,mS/m,,
CHEM,Sweden,PC,SE14,IV,0176,BULK,PC,150,201505,1,DOC,DB,,,3.9,mg/l,,
CHEM,Sweden,PC,SE14,IV,0176,BULK,PC,150,201505,1,K,DB,,AAF,0.22,mg/l,,
CHEM,Sweden,PC,SE14,IV,0176,BULK,PC,150,201505,1,MG,DB,,AAF,0.08,mg/l,,
CHEM,Sweden,PC,SE14,IV,0176,BULK,PC,150,201505,1,,DB,,AAF,0.55,mg/l,,
CHEM,Sweden,PC,SE14,IV,0176,BULK,PC,150,201505,1,NH4N,DB,,SP,0.57,mg/l,,
CHEM,Sweden,PC,SE14,IV,0176,BULK,PC,150,201505,1,NO3N,DB,,IC,0.45,mg/l,,
CHEM,Sweden,PC,SE14,IV,0176,BULK,PC,150,201505,1,NTOT,DB,,IC,1.22,mg/l,,
CHEM,Sweden,PC,SE14,IV,0176,BULK,PC,150,201505,1,PH,DB,,TIE,5.2,,,
CHEM,Sweden,PC,SE14,IV,0176,BULK,PC,150,201505,1,PREC,DB,,,53,mm,,
CHEM,Sweden,PC,SE14,IV,0176,BULK,PC,150,201505,1,SO4S,DB,,IC,0.32,mg/l,,
CHEM,Sweden,PC,SE14,IV,0176,BULK,PC,150,201506,1,CA,DB,,AAF,0.1,mg/l,,
CHEM,Sweden,PC,SE14,IV,0176,BULK,PC,150,201506,1,CL,DB,,IC,0.73,mg/l,,
CHEM,Sweden,PC,SE14,IV,0176,BULK,PC,150,201506,1,COND,DB,,CN,1.24,mS/m,,
CHEM,Sweden,PC,SE14,IV,0176,BULK,PC,150,201506,1,DOC,DB,,,4.2,mg/l,,
CHEM,Sweden,PC,SE14,IV,0176,BULK,PC,150,201506,1,K,DB,,AAF,0.15,mg/l,,
CHEM,Sweden,PC,SE14,IV,0176,BULK,PC,150,201506,1,MG,DB,,AAF,0.07,mg/l,,
CHEM,Sweden,PC,SE14,IV,0176,BULK,PC,150,201506,1,,DB,,AAF,0.47,mg/l,,
CHEM,Sweden,PC,SE14,IV,0176,BULK,PC,150,201506,1,NH4N,DB,,SP,0.38,mg/l,,
CHEM,Sweden,PC,SE14,IV,0176,BULK,PC,150,201506,1,NO3N,DB,,IC,0.27,mg/l,,
CHEM,Sweden,PC,SE14,IV,0176,BULK,PC,150,201506,1,NTOT,DB,,IC,0.76,mg/l,,
CHEM,Sweden,PC,SE14,IV,0176,BULK,PC,150,201506,1,PH,DB,,TIE,5.1,,,
CHEM,Sweden,PC,SE14,IV,0176,BULK,PC,150,201506,1,PREC,DB,,,53,mm,,
CHEM,Sweden,PC,SE14,IV,0176,BULK,PC,150,201506,1,SO4S,DB,,IC,0.28,mg/l,,
CHEM,Sweden,PC,SE14,IV,0176,BULK,PC,150,201507,1,CA,DB,,AAF,0.16,mg/l,,
CHEM,Sweden,PC,SE14,IV,0176,BULK,PC,150,201507,1,CL,DB,,IC,0.81,mg/l,,
CHEM,Sweden,PC,SE14,IV,0176,BULK,PC,150,201507,1,COND,DB,,CN,1.5,mS/m,,
CHEM,Sweden,PC,SE14,IV,0176,BULK,PC,150,201507,1,DOC,DB,,,6.7,mg/l,,
CHEM,Sweden,PC,SE14,IV,0176,BULK,PC,150,201507,1,K,DB,,AAF,0.06,mg/l,,
CHEM,Sweden,PC,SE14,IV,0176,BULK,PC,150,201507,1,MG,DB,,AAF,0.07,mg/l,,
CHEM,Sweden,PC,SE14,IV,0176,BULK,PC,150,201507,1,,DB,,AAF,0.53,mg/l,,
CHEM,Sweden,PC,SE14,IV,0176,BULK,PC,150,201507,1,NH4N,DB,,SP,0.29,mg/l,,
CHEM,Sweden,PC,SE14,IV,0176,BULK,PC,150,201507,1,NO3N,DB,,IC,0.26,mg/l,,
CHEM,Sweden,PC,SE14,IV,0176,BULK,PC,150,201507,1,NTOT,DB,,IC,0.668,mg/l,,
CHEM,Sweden,PC,SE14,IV,0176,BULK,PC,150,201507,1,PH,DB,,TIE,4.8,,,
CHEM,Sweden,PC,SE14,IV,0176,BULK,PC,150,201507,1,PREC,DB,,,44,mm,,
CHEM,Sweden,PC,SE14,IV,0176,BULK,PC,150,201507,1,SO4S,DB,,IC,0.28,mg/l,,
CHEM,Sweden,PC,SE14,IV,0176,BULK,PC,150,201508,1,CA,DB,,AAF,0.39,mg/l,,
CHEM,Sweden,PC,SE14,IV,0176,BULK,PC,150,201508,1,CL,DB,,IC,1.05,mg/l,,
CHEM,Sweden,PC,SE14,IV,0176,BULK,PC,150,201508,1,COND,DB,,CN,1.98,mS/m,,
CHEM,Sweden,PC,SE14,IV,0176,BULK,PC,150,201508,1,DOC,DB,,,12,mg/l,,
CHEM,Sweden,PC,SE14,IV,0176,BULK,PC,150,201508,1,K,DB,,AAF,0.33,mg/l,,
CHEM,Sweden,PC,SE14,IV,0176,BULK,PC,150,201508,1,MG,DB,,AAF,0.12,mg/l,,
CHEM,Sweden,PC,SE14,IV,0176,BULK,PC,150,201508,1,,DB,,AAF,0.77,mg/l,,
CHEM,Sweden,PC,SE14,IV,0176,BULK,PC,150,201508,1,NH4N,DB,,SP,0.83,mg/l,,
CHEM,Sweden,PC,SE14,IV,0176,BULK,PC,150,201508,1,NO3N,DB,,IC,0.37,mg/l,,
CHEM,Sweden,PC,SE14,IV,0176,BULK,PC,150,201508,1,NTOT,DB,,IC,1.423,mg/l,,
CHEM,Sweden,PC,SE14,IV,0176,BULK,PC,150,201508,1,PH,DB,,TIE,5.2,,,
CHEM,Sweden,PC,SE14,IV,0176,BULK,PC,150,201508,1,PREC,DB,,,20,mm,,
CHEM,Sweden,PC,SE14,IV,0176,BULK,PC,150,201508,1,SO4S,DB,,IC,0.62,mg/l,,
CHEM,Sweden,PC,SE14,IV,0176,BULK,PC,150,201509,1,CA,DB,,AAF,0.15,mg/l,,
CHEM,Sweden,PC,SE14,IV,0176,BULK,PC,150,201509,1,CL,DB,,IC,0.33,mg/l,,
CHEM,Sweden,PC,SE14,IV,0176,BULK,PC,150,201509,1,COND,DB,,CN,1.56,mS/m,,
CHEM,Sweden,PC,SE14,IV,0176,BULK,PC,150,201509,1,DOC,DB,,,6.9,mg/l,,
CHEM,Sweden,PC,SE14,IV,0176,BULK,PC,150,201509,1,K,DB,,AAF,0.06,mg/l,,
CHEM,Sweden,PC,SE14,IV,0176,BULK,PC,150,201509,1,MG,DB,,AAF,0.04,mg/l,,
CHEM,Sweden,PC,SE14,IV,0176,BULK,PC,150,201509,1,,DB,,AAF,0.23,mg/l,,
CHEM,Sweden,PC,SE14,IV,0176,BULK,PC,150,201509,1,NH4N,DB,,SP,0.34,mg/l,,
CHEM,Sweden,PC,SE14,IV,0176,BULK,PC,150,201509,1,NO3N,DB,,IC,0.33,mg/l,,
CHEM,Sweden,PC,SE14,IV,0176,BULK,PC,150,201509,1,NTOT,DB,,IC,0.842,mg/l,,
CHEM,Sweden,PC,SE14,IV,0176,BULK,PC,150,201509,1,PH,DB,,TIE,4.7,,,
CHEM,Sweden,PC,SE14,IV,0176,BULK,PC,150,201509,1,PREC,DB,,,67,mm,,
CHEM,Sweden,PC,SE14,IV,0176,BULK,PC,150,201509,1,SO4S,DB,,IC,0.3,mg/l,,
CHEM,Sweden,PC,SE14,IV,0176,BULK,PC,150,201510,1,CA,DB,,AAF,0.57,mg/l,,
CHEM,Sweden,PC,SE14,IV,0176,BULK,PC,150,201510,1,CL,DB,,IC,3.05,mg/l,,
CHEM,Sweden,PC,SE14,IV,0176,BULK,PC,150,201510,1,COND,DB,,CN,3.52,mS/m,,
CHEM,Sweden,PC,SE14,IV,0176,BULK,PC,150,201510,1,K,DB,,AAF,0.21,mg/l,,
CHEM,Sweden,PC,SE14,IV,0176,BULK,PC,150,201510,1,MG,DB,,AAF,0.29,mg/l,,
CHEM,Sweden,PC,SE14,IV,0176,BULK,PC,150,201510,1,,DB,,AAF,1.79,mg/l,,
CHEM,Sweden,PC,SE14,IV,0176,BULK,PC,150,201510,1,NH4N,DB,,SP,0.39,mg/l,,
CHEM,Sweden,PC,SE14,IV,0176,BULK,PC,150,201510,1,NO3N,DB,,IC,0.61,mg/l,,
CHEM,Sweden,PC,SE14,IV,0176,BULK,PC,150,201510,1,NTOT,DB,,IC,1.51,mg/l,,
CHEM,Sweden,PC,SE14,IV,0176,BULK,PC,150,201510,1,PH,DB,,TIE,4.5,,,
CHEM,Sweden,PC,SE14,IV,0176,BULK,PC,150,201510,1,PREC,DB,,,2,mm,,
CHEM,Sweden,PC,SE14,IV,0176,BULK,PC,150,201510,1,SO4S,DB,,IC,0.48,mg/l,,
CHEM,Sweden,PC,SE14,IV,0176,BULK,PC,150,201511,1,CA,DB,,AAF,0.11,mg/l,,
CHEM,Sweden,PC,SE14,IV,0176,BULK,PC,150,201511,1,CL,DB,,IC,2.16,mg/l,,
CHEM,Sweden,PC,SE14,IV,0176,BULK,PC,150,201511,1,COND,DB,,CN,1.82,mS/m,,
CHEM,Sweden,PC,SE14,IV,0176,BULK,PC,150,201511,1,DOC,DB,,,6.2,mg/l,,
CHEM,Sweden,PC,SE14,IV,0176,BULK,PC,150,201511,1,K,DB,,AAF,0.1,mg/l,,
CHEM,Sweden,PC,SE14,IV,0176,BULK,PC,150,201511,1,MG,DB,,AAF,0.17,mg/l,,
CHEM,Sweden,PC,SE14,IV,0176,BULK,PC,150,201511,1,,DB,,AAF,1.31,mg/l,,
CHEM,Sweden,PC,SE14,IV,0176,BULK,PC,150,201511,1,NH4N,DB,,SP,0.15,mg/l,,
CHEM,Sweden,PC,SE14,IV,0176,BULK,PC,150,201511,1,NO3N,DB,,IC,0.17,mg/l,,
CHEM,Sweden,PC,SE14,IV,0176,BULK,PC,150,201511,1,NTOT,DB,,IC,0.471,mg/l,,
CHEM,Sweden,PC,SE14,IV,0176,BULK,PC,150,201511,1,PH,DB,,TIE,4.8,,,
CHEM,Sweden,PC,SE14,IV,0176,BULK,PC,150,201511,1,PREC,DB,,,53,mm,,
CHEM,Sweden,PC,SE14,IV,0176,BULK,PC,150,201511,1,SO4S,DB,,IC,0.19,mg/l,,
CHEM,Sweden,PC,SE14,IV,0176,BULK,PC,150,201512,1,CA,DB,,AAF,0.11,mg/l,,
CHEM,Sweden,PC,SE14,IV,0176,BULK,PC,150,201512,1,CL,DB,,IC,2.99,mg/l,,
CHEM,Sweden,PC,SE14,IV,0176,BULK,PC,150,201512,1,COND,DB,,CN,2.26,mS/m,,
CHEM,Sweden,PC,SE14,IV,0176,BULK,PC,150,201512,1,DOC,DB,,,2.9,mg/l,,
CHEM,Sweden,PC,SE14,IV,0176,BULK,PC,150,201512,1,K,DB,,AAF,0.11,mg/l,,
CHEM,Sweden,PC,SE14,IV,0176,BULK,PC,150,201512,1,MG,DB,,AAF,0.21,mg/l,,
CHEM,Sweden,PC,SE14,IV,0176,BULK,PC,150,201512,1,,DB,,AAF,1.72,mg/l,,
CHEM,Sweden,PC,SE14,IV,0176,BULK,PC,150,201512,1,NH4N,DB,,SP,0.15,mg/l,,
CHEM,Sweden,PC,SE14,IV,0176,BULK,PC,150,201512,1,NO3N,DB,,IC,0.26,mg/l,,
CHEM,Sweden,PC,SE14,IV,0176,BULK,PC,150,201512,1,NTOT,DB,,IC,0.36,mg/l,,
CHEM,Sweden,PC,SE14,IV,0176,BULK,PC,150,201512,1,PH,DB,,TIE,4.7,,,
CHEM,Sweden,PC,SE14,IV,0176,BULK,PC,150,201512,1,PREC,DB,,,145,mm,,
CHEM,Sweden,PC,SE14,IV,0176,BULK,PC,150,201512,1,SO4S,DB,,IC,0.27,mg/l,,
CHEM,Sweden,PC,SE14,IV,0176,BULK,PC,150,201601,1,CA,DB,,AAF,0.03,mg/l,,
CHEM,Sweden,PC,SE14,IV,0176,BULK,PC,150,201601,1,CL,DB,,IC,0.47,mg/l,,
CHEM,Sweden,PC,SE14,IV,0176,BULK,PC,150,201601,1,COND,DB,,CN,2.32,mS/m,,
CHEM,Sweden,PC,SE14,IV,0176,BULK,PC,150,201601,1,DOC,DB,,,1.5,mg/l,,
CHEM,Sweden,PC,SE14,IV,0176,BULK,PC,150,201601,1,K,DB,,AAF,0.1,mg/l,,
CHEM,Sweden,PC,SE14,IV,0176,BULK,PC,150,201601,1,MG,DB,,AAF,0.06,mg/l,,
CHEM,Sweden,PC,SE14,IV,0176,BULK,PC,150,201601,1,,DB,,AAF,0.39,mg/l,,
CHEM,Sweden,PC,SE14,IV,0176,BULK,PC,150,201601,1,NH4N,DB,,SP,0.21,mg/l,,
CHEM,Sweden,PC,SE14,IV,0176,BULK,PC,150,201601,1,NO3N,DB,,IC,0.47,mg/l,,
CHEM,Sweden,PC,SE14,IV,0176,BULK,PC,150,201601,1,NTOT,DB,,IC,0.76,mg/l,,
CHEM,Sweden,PC,SE14,IV,0176,BULK,PC,150,201601,1,PH,DB,,TIE,4.4,,,
CHEM,Sweden,PC,SE14,IV,0176,BULK,PC,150,201601,1,PREC,DB,,,23,mm,,
CHEM,Sweden,PC,SE14,IV,0176,BULK,PC,150,201601,1,PTOT,DB,,SP,0.002,mg/l,,
CHEM,Sweden,PC,SE14,IV,0176,BULK,PC,150,201601,1,SO4S,DB,,IC,0.37,mg/l,,
CHEM,Sweden,PC,SE14,IV,0176,BULK,PC,150,201602,1,CA,DB,,AAF,0.09,mg/l,,
CHEM,Sweden,PC,SE14,IV,0176,BULK,PC,150,201602,1,CL,DB,,IC,0.25,mg/l,,
CHEM,Sweden,PC,SE14,IV,0176,BULK,PC,150,201602,1,COND,DB,,CN,2.07,mS/m,,
CHEM,Sweden,PC,SE14,IV,0176,BULK,PC,150,201602,1,DOC,DB,,,2.1,mg/l,,
CHEM,Sweden,PC,SE14,IV,0176,BULK,PC,150,201602,1,K,DB,,AAF,0.12,mg/l,,
CHEM,Sweden,PC,SE14,IV,0176,BULK,PC,150,201602,1,MG,DB,,AAF,0.2,mg/l,,
CHEM,Sweden,PC,SE14,IV,0176,BULK,PC,150,201602,1,,DB,,AAF,1.64,mg/l,,
CHEM,Sweden,PC,SE14,IV,0176,BULK,PC,150,201602,1,NH4N,DB,,SP,0.16,mg/l,,
CHEM,Sweden,PC,SE14,IV,0176,BULK,PC,150,201602,1,NO3N,DB,,IC,0.25,mg/l,,
CHEM,Sweden,PC,SE14,IV,0176,BULK,PC,150,201602,1,NTOT,DB,,IC,0.465,mg/l,,
CHEM,Sweden,PC,SE14,IV,0176,BULK,PC,150,201602,1,PH,DB,,TIE,4.9,,,
CHEM,Sweden,PC,SE14,IV,0176,BULK,PC,150,201602,1,PREC,DB,,,93,mm,,
CHEM,Sweden,PC,SE14,IV,0176,BULK,PC,150,201602,1,PTOT,DB,,SP,0.002,mg/l,,
CHEM,Sweden,PC,SE14,IV,0176,BULK,PC,150,201602,1,SO4S,DB,,IC,0.22,mg/l,,
CHEM,Sweden,PC,SE14,IV,0176,BULK,PC,150,201603,1,CA,DB,,AAF,0.09,mg/l,,
CHEM,Sweden,PC,SE14,IV,0176,BULK,PC,150,201603,1,CL,DB,,IC,0.58,mg/l,,
CHEM,Sweden,PC,SE14,IV,0176,BULK,PC,150,201603,1,COND,DB,,CN,1.86,mS/m,,
CHEM,Sweden,PC,SE14,IV,0176,BULK,PC,150,201603,1,DOC,DB,,,3.2,mg/l,,
CHEM,Sweden,PC,SE14,IV,0176,BULK,PC,150,201603,1,K,DB,,AAF,0.09,mg/l,,
CHEM,Sweden,PC,SE14,IV,0176,BULK,PC,150,201603,1,MG,DB,,AAF,0.04,mg/l,,
CHEM,Sweden,PC,SE14,IV,0176,BULK,PC,150,201603,1,,DB,,AAF,0.21,mg/l,,
CHEM,Sweden,PC,SE14,IV,0176,BULK,PC,150,201603,1,NH4N,DB,,SP,0.58,mg/l,,
CHEM,Sweden,PC,SE14,IV,0176,BULK,PC,150,201603,1,NO3N,DB,,IC,0.58,mg/l,,
CHEM,Sweden,PC,SE14,IV,0176,BULK,PC,150,201603,1,NTOT,DB,,IC,1.303,mg/l,,
CHEM,Sweden,PC,SE14,IV,0176,BULK,PC,150,201603,1,PH,DB,,TIE,4.7,,,
CHEM,Sweden,PC,SE14,IV,0176,BULK,PC,150,201603,1,PREC,DB,,,23,mm,,
CHEM,Sweden,PC,SE14,IV,0176,BULK,PC,150,201603,1,PTOT,DB,,SP,0.002,mg/l,,
CHEM,Sweden,PC,SE14,IV,0176,BULK,PC,150,201603,1,SO4S,DB,,IC,0.34,mg/l,,
CHEM,Sweden,PC,SE14,IV,0176,BULK,PC,150,201604,1,CA,DB,,AAF,0.92,mg/l,,
CHEM,Sweden,PC,SE14,IV,0176,BULK,PC,150,201604,1,CL,DB,,IC,0.6,mg/l,,
CHEM,Sweden,PC,SE14,IV,0176,BULK,PC,150,201604,1,COND,DB,,CN,2.23,mS/m,,
CHEM,Sweden,PC,SE14,IV,0176,BULK,PC,150,201604,1,K,DB,,AAF,0.14,mg/l,,
CHEM,Sweden,PC,SE14,IV,0176,BULK,PC,150,201604,1,MG,DB,,AAF,0.21,mg/l,,
CHEM,Sweden,PC,SE14,IV,0176,BULK,PC,150,201604,1,,DB,,AAF,1.13,mg/l,,
CHEM,Sweden,PC,SE14,IV,0176,BULK,PC,150,201604,1,NH4N,DB,,SP,0.75,mg/l,,
CHEM,Sweden,PC,SE14,IV,0176,BULK,PC,150,201604,1,NO3N,DB,,IC,0.6,mg/l,,
CHEM,Sweden,PC,SE14,IV,0176,BULK,PC,150,201604,1,NTOT,DB,,IC,1.573,mg/l,,
CHEM,Sweden,PC,SE14,IV,0176,BULK,PC,150,201604,1,PH,DB,,TIE,5.9,,,
CHEM,Sweden,PC,SE14,IV,0176,BULK,PC,150,201604,1,PREC,DB,,,17,mm,,
CHEM,Sweden,PC,SE14,IV,0176,BULK,PC,150,201604,1,PTOT,DB,,SP,0.002,mg/l,,
CHEM,Sweden,PC,SE14,IV,0176,BULK,PC,150,201604,1,SO4S,DB,,IC,0.54,mg/l,,
CHEM,Sweden,PC,SE14,IV,0176,BULK,PC,150,201605,1,CA,DB,,AAF,0.19,mg/l,,
CHEM,Sweden,PC,SE14,IV,0176,BULK,PC,150,201605,1,CL,DB,,IC,0.4,mg/l,,
CHEM,Sweden,PC,SE14,IV,0176,BULK,PC,150,201605,1,COND,DB,,CN,1.76,mS/m,,
CHEM,Sweden,PC,SE14,IV,0176,BULK,PC,150,201605,1,DOC,DB,,,7.6,mg/l,,
CHEM,Sweden,PC,SE14,IV,0176,BULK,PC,150,201605,1,K,DB,,AAF,0.86,mg/l,,
CHEM,Sweden,PC,SE14,IV,0176,BULK,PC,150,201605,1,MG,DB,,AAF,0.12,mg/l,,
CHEM,Sweden,PC,SE14,IV,0176,BULK,PC,150,201605,1,,DB,,AAF,0.37,mg/l,,
CHEM,Sweden,PC,SE14,IV,0176,BULK,PC,150,201605,1,NH4N,DB,,SP,1.07,mg/l,,
CHEM,Sweden,PC,SE14,IV,0176,BULK,PC,150,201605,1,NO3N,DB,,IC,0.4,mg/l,,
CHEM,Sweden,PC,SE14,IV,0176,BULK,PC,150,201605,1,NTOT,DB,,IC,1.986,mg/l,,
CHEM,Sweden,PC,SE14,IV,0176,BULK,PC,150,201605,1,PH,DB,,TIE,6.2,,,
CHEM,Sweden,PC,SE14,IV,0176,BULK,PC,150,201605,1,PREC,DB,,,21,mm,,
CHEM,Sweden,PC,SE14,IV,0176,BULK,PC,150,201605,1,PTOT,DB,,SP,0.103,mg/l,,
CHEM,Sweden,PC,SE14,IV,0176,BULK,PC,150,201605,1,SO4S,DB,,IC,0.41,mg/l,,
CHEM,Sweden,PC,SE14,IV,0176,BULK,PC,150,201606,1,CA,DB,,AAF,1.37,mg/l,,
CHEM,Sweden,PC,SE14,IV,0176,BULK,PC,150,201606,1,CL,DB,,IC,0.72,mg/l,,
CHEM,Sweden,PC,SE14,IV,0176,BULK,PC,150,201606,1,COND,DB,,CN,3.31,mS/m,,
CHEM,Sweden,PC,SE14,IV,0176,BULK,PC,150,201606,1,DOC,DB,,,38.9,mg/l,,
CHEM,Sweden,PC,SE14,IV,0176,BULK,PC,150,201606,1,K,DB,,AAF,0.58,mg/l,,
CHEM,Sweden,PC,SE14,IV,0176,BULK,PC,150,201606,1,MG,DB,,AAF,0.25,mg/l,,
CHEM,Sweden,PC,SE14,IV,0176,BULK,PC,150,201606,1,,DB,,AAF,0.59,mg/l,,
CHEM,Sweden,PC,SE14,IV,0176,BULK,PC,150,201606,1,NH4N,DB,,SP,1.02,mg/l,,
CHEM,Sweden,PC,SE14,IV,0176,BULK,PC,150,201606,1,NO3N,DB,,IC,0.72,mg/l,,
CHEM,Sweden,PC,SE14,IV,0176,BULK,PC,150,201606,1,NTOT,DB,,IC,2.867,mg/l,,
CHEM,Sweden,PC,SE14,IV,0176,BULK,PC,150,201606,1,PH,DB,,TIE,4.7,,,
CHEM,Sweden,PC,SE14,IV,0176,BULK,PC,150,201606,1,PTOT,DB,,SP,0.002,mg/l,,
CHEM,Sweden,PC,SE14,IV,0176,BULK,PC,150,201606,1,SO4S,DB,,IC,0.63,mg/l,,
CHEM,Sweden,PC,SE14,IV,0176,BULK,PC,150,201607,1,CA,DB,,AAF,0.22,mg/l,,
CHEM,Sweden,PC,SE14,IV,0176,BULK,PC,150,201607,1,CL,DB,,IC,0.25,mg/l,,
CHEM,Sweden,PC,SE14,IV,0176,BULK,PC,150,201607,1,COND,DB,,CN,1.35,mS/m,,
CHEM,Sweden,PC,SE14,IV,0176,BULK,PC,150,201607,1,DOC,DB,,,9.5,mg/l,,
CHEM,Sweden,PC,SE14,IV,0176,BULK,PC,150,201607,1,K,DB,,AAF,0.1,mg/l,,
CHEM,Sweden,PC,SE14,IV,0176,BULK,PC,150,201607,1,MG,DB,,AAF,0.05,mg/l,,
CHEM,Sweden,PC,SE14,IV,0176,BULK,PC,150,201607,1,,DB,,AAF,0.27,mg/l,,
CHEM,Sweden,PC,SE14,IV,0176,BULK,PC,150,201607,1,NH4N,DB,,SP,0.26,mg/l,,
CHEM,Sweden,PC,SE14,IV,0176,BULK,PC,150,201607,1,NO3N,DB,,IC,0.25,mg/l,,
CHEM,Sweden,PC,SE14,IV,0176,BULK,PC,150,201607,1,NTOT,DB,,IC,0.697,mg/l,,
CHEM,Sweden,PC,SE14,IV,0176,BULK,PC,150,201607,1,PH,DB,,TIE,4.8,,,
CHEM,Sweden,PC,SE14,IV,0176,BULK,PC,150,201607,1,PREC,DB,,,63,mm,,
CHEM,Sweden,PC,SE14,IV,0176,BULK,PC,150,201607,1,PTOT,DB,,SP,0.002,mg/l,,
CHEM,Sweden,PC,SE14,IV,0176,BULK,PC,150,201607,1,SO4S,DB,,IC,0.22,mg/l,,
CHEM,Sweden,PC,SE14,IV,0176,BULK,PC,150,201608,1,CA,DB,,AAF,0.09,mg/l,,
CHEM,Sweden,PC,SE14,IV,0176,BULK,PC,150,201608,1,CL,DB,,IC,0.2,mg/l,,
CHEM,Sweden,PC,SE14,IV,0176,BULK,PC,150,201608,1,COND,DB,,CN,1.09,mS/m,,
CHEM,Sweden,PC,SE14,IV,0176,BULK,PC,150,201608,1,DOC,DB,,,1.8,mg/l,,
CHEM,Sweden,PC,SE14,IV,0176,BULK,PC,150,201608,1,K,DB,,AAF,0.29,mg/l,,
CHEM,Sweden,PC,SE14,IV,0176,BULK,PC,150,201608,1,MG,DB,,AAF,0.07,mg/l,,
CHEM,Sweden,PC,SE14,IV,0176,BULK,PC,150,201608,1,,DB,,AAF,0.66,mg/l,,
CHEM,Sweden,PC,SE14,IV,0176,BULK,PC,150,201608,1,NH4N,DB,,SP,0.29,mg/l,,
CHEM,Sweden,PC,SE14,IV,0176,BULK,PC,150,201608,1,NO3N,DB,,IC,0.2,mg/l,,
CHEM,Sweden,PC,SE14,IV,0176,BULK,PC,150,201608,1,NTOT,DB,,IC,0.804,mg/l,,
CHEM,Sweden,PC,SE14,IV,0176,BULK,PC,150,201608,1,PH,DB,,TIE,5.5,,,
CHEM,Sweden,PC,SE14,IV,0176,BULK,PC,150,201608,1,PREC,DB,,,92,mm,,
CHEM,Sweden,PC,SE14,IV,0176,BULK,PC,150,201608,1,PTOT,DB,,SP,0.056,mg/l,,
CHEM,Sweden,PC,SE14,IV,0176,BULK,PC,150,201608,1,SO4S,DB,,IC,0.2,mg/l,,
CHEM,Sweden,PC,SE14,IV,0176,BULK,PC,150,201609,1,CA,DB,,AAF,0.45,mg/l,,
CHEM,Sweden,PC,SE14,IV,0176,BULK,PC,150,201609,1,CL,DB,,IC,0.38,mg/l,,
CHEM,Sweden,PC,SE14,IV,0176,BULK,PC,150,201609,1,COND,DB,,CN,2.56,mS/m,,
CHEM,Sweden,PC,SE14,IV,0176,BULK,PC,150,201609,1,DOC,DB,,,14.3,mg/l,,
CHEM,Sweden,PC,SE14,IV,0176,BULK,PC,150,201609,1,K,DB,,AAF,0.13,mg/l,,
CHEM,Sweden,PC,SE14,IV,0176,BULK,PC,150,201609,1,MG,DB,,AAF,0.21,mg/l,,
CHEM,Sweden,PC,SE14,IV,0176,BULK,PC,150,201609,1,,DB,,AAF,1.53,mg/l,,
CHEM,Sweden,PC,SE14,IV,0176,BULK,PC,150,201609,1,NH4N,DB,,SP,0.35,mg/l,,
CHEM,Sweden,PC,SE14,IV,0176,BULK,PC,150,201609,1,NO3N,DB,,IC,0.38,mg/l,,
CHEM,Sweden,PC,SE14,IV,0176,BULK,PC,150,201609,1,NTOT,DB,,IC,1.314,mg/l,,
CHEM,Sweden,PC,SE14,IV,0176,BULK,PC,150,201609,1,PH,DB,,TIE,4.7,,,
CHEM,Sweden,PC,SE14,IV,0176,BULK,PC,150,201609,1,PREC,DB,,,16,mm,,
CHEM,Sweden,PC,SE14,IV,0176,BULK,PC,150,201609,1,PTOT,DB,,SP,0.002,mg/l,,
CHEM,Sweden,PC,SE14,IV,0176,BULK,PC,150,201609,1,SO4S,DB,,IC,0.31,mg/l,,
CHEM,Sweden,PC,SE14,IV,0176,BULK,PC,150,201610,1,CA,DB,,AAF,0.15,mg/l,,
CHEM,Sweden,PC,SE14,IV,0176,BULK,PC,150,201610,1,CL,DB,,IC,0.21,mg/l,,
CHEM,Sweden,PC,SE14,IV,0176,BULK,PC,150,201610,1,COND,DB,,CN,1.36,mS/m,,
CHEM,Sweden,PC,SE14,IV,0176,BULK,PC,150,201610,1,DOC,DB,,,6.1,mg/l,,
CHEM,Sweden,PC,SE14,IV,0176,BULK,PC,150,201610,1,K,DB,,AAF,0.03,mg/l,,
CHEM,Sweden,PC,SE14,IV,0176,BULK,PC,150,201610,1,MG,DB,,AAF,0.04,mg/l,,
CHEM,Sweden,PC,SE14,IV,0176,BULK,PC,150,201610,1,,DB,,AAF,0.23,mg/l,,
CHEM,Sweden,PC,SE14,IV,0176,BULK,PC,150,201610,1,NH4N,DB,,SP,0.15,mg/l,,
CHEM,Sweden,PC,SE14,IV,0176,BULK,PC,150,201610,1,NO3N,DB,,IC,0.21,mg/l,,
CHEM,Sweden,PC,SE14,IV,0176,BULK,PC,150,201610,1,NTOT,DB,,IC,0.486,mg/l,,
CHEM,Sweden,PC,SE14,IV,0176,BULK,PC,150,201610,1,PH,DB,,TIE,4.8,,,
CHEM,Sweden,PC,SE14,IV,0176,BULK,PC,150,201610,1,PREC,DB,,,49,mm,,
CHEM,Sweden,PC,SE14,IV,0176,BULK,PC,150,201610,1,PTOT,DB,,SP,0.002,mg/l,,
CHEM,Sweden,PC,SE14,IV,0176,BULK,PC,150,201610,1,SO4S,DB,,IC,0.26,mg/l,,
CHEM,Sweden,PC,SE14,IV,0176,BULK,PC,150,201611,1,CA,DB,,AAF,0.11,mg/l,,
CHEM,Sweden,PC,SE14,IV,0176,BULK,PC,150,201611,1,CL,DB,,IC,0.24,mg/l,,
CHEM,Sweden,PC,SE14,IV,0176,BULK,PC,150,201611,1,COND,DB,,CN,1.1,mS/m,,
CHEM,Sweden,PC,SE14,IV,0176,BULK,PC,150,201611,1,DOC,DB,,,3.7,mg/l,,
CHEM,Sweden,PC,SE14,IV,0176,BULK,PC,150,201611,1,K,DB,,AAF,0.03,mg/l,,
CHEM,Sweden,PC,SE14,IV,0176,BULK,PC,150,201611,1,MG,DB,,AAF,0.04,mg/l,,
CHEM,Sweden,PC,SE14,IV,0176,BULK,PC,150,201611,1,,DB,,AAF,0.29,mg/l,,
CHEM,Sweden,PC,SE14,IV,0176,BULK,PC,150,201611,1,NH4N,DB,,SP,0.11,mg/l,,
CHEM,Sweden,PC,SE14,IV,0176,BULK,PC,150,201611,1,NO3N,DB,,IC,0.24,mg/l,,
CHEM,Sweden,PC,SE14,IV,0176,BULK,PC,150,201611,1,NTOT,DB,,IC,0.338,mg/l,,
CHEM,Sweden,PC,SE14,IV,0176,BULK,PC,150,201611,1,PH,DB,,TIE,4.9,,,
CHEM,Sweden,PC,SE14,IV,0176,BULK,PC,150,201611,1,PREC,DB,,,59,mm,,
CHEM,Sweden,PC,SE14,IV,0176,BULK,PC,150,201611,1,PTOT,DB,,SP,0.002,mg/l,,
CHEM,Sweden,PC,SE14,IV,0176,BULK,PC,150,201611,1,SO4S,DB,,IC,0.12,mg/l,,
CHEM,Sweden,PC,SE14,IV,0176,BULK,PC,150,201612,1,CA,DB,,AAF,0.21,mg/l,,
CHEM,Sweden,PC,SE14,IV,0176,BULK,PC,150,201612,1,CL,DB,,IC,0.37,mg/l,,
CHEM,Sweden,PC,SE14,IV,0176,BULK,PC,150,201612,1,COND,DB,,CN,1.99,mS/m,,
CHEM,Sweden,PC,SE14,IV,0176,BULK,PC,150,201612,1,DOC,DB,,,3.7,mg/l,,
CHEM,Sweden,PC,SE14,IV,0176,BULK,PC,150,201612,1,K,DB,,AAF,0.07,mg/l,,
CHEM,Sweden,PC,SE14,IV,0176,BULK,PC,150,201612,1,MG,DB,,AAF,0.19,mg/l,,
CHEM,Sweden,PC,SE14,IV,0176,BULK,PC,150,201612,1,,DB,,AAF,1.54,mg/l,,
CHEM,Sweden,PC,SE14,IV,0176,BULK,PC,150,201612,1,NH4N,DB,,SP,0.19,mg/l,,
CHEM,Sweden,PC,SE14,IV,0176,BULK,PC,150,201612,1,NO3N,DB,,IC,0.37,mg/l,,
CHEM,Sweden,PC,SE14,IV,0176,BULK,PC,150,201612,1,NTOT,DB,,IC,0.653,mg/l,,
CHEM,Sweden,PC,SE14,IV,0176,BULK,PC,150,201612,1,PH,DB,,TIE,4.7,,,
CHEM,Sweden,PC,SE14,IV,0176,BULK,PC,150,201612,1,PREC,DB,,,41,mm,,
CHEM,Sweden,PC,SE14,IV,0176,BULK,PC,150,201612,1,SO4S,DB,,IC,0.27,mg/l,,
CHEM,Sweden,PC,SE14,IV,0176,BULK,PC,150,201701,1,CA,DB,,AAF,0.165,mg/l,,
CHEM,Sweden,PC,SE14,IV,0176,BULK,PC,150,201701,1,CL,DB,,IC,2.693,mg/l,,
CHEM,Sweden,PC,SE14,IV,0176,BULK,PC,150,201701,1,COND,DB,,CN,1.62,mS/m,,
CHEM,Sweden,PC,SE14,IV,0176,BULK,PC,150,201701,1,DOC,DB,,,1.263,mg/l,,
CHEM,Sweden,PC,SE14,IV,0176,BULK,PC,150,201701,1,K,DB,,AAF,0.052,mg/l,,
CHEM,Sweden,PC,SE14,IV,0176,BULK,PC,150,201701,1,MG,DB,,AAF,0.194,mg/l,,
CHEM,Sweden,PC,SE14,IV,0176,BULK,PC,150,201701,1,,DB,,AAF,1.298,mg/l,,
CHEM,Sweden,PC,SE14,IV,0176,BULK,PC,150,201701,1,NH4N,DB,,SP,0.117,mg/l,,
CHEM,Sweden,PC,SE14,IV,0176,BULK,PC,150,201701,1,NO3N,DB,,IC,0.133,mg/l,,
CHEM,Sweden,PC,SE14,IV,0176,BULK,PC,150,201701,1,NTOT,DB,,IC,0.233,mg/l,,
CHEM,Sweden,PC,SE14,IV,0176,BULK,PC,150,201701,1,PH,DB,,TIE,5.23,,,
CHEM,Sweden,PC,SE14,IV,0176,BULK,PC,150,201701,1,PREC,DB,,,42.5966,mm,,
CHEM,Sweden,PC,SE14,IV,0176,BULK,PC,150,201701,1,PTOT,DB,,SP,0.0015,mg/l,,
CHEM,Sweden,PC,SE14,IV,0176,BULK,PC,150,201701,1,SO4S,DB,,IC,0.196,mg/l,,
CHEM,Sweden,PC,SE14,IV,0176,BULK,PC,150,201702,1,CA,DB,,AAF,0.297,mg/l,,
CHEM,Sweden,PC,SE14,IV,0176,BULK,PC,150,201702,1,CL,DB,,IC,3.732,mg/l,,
CHEM,Sweden,PC,SE14,IV,0176,BULK,PC,150,201702,1,COND,DB,,CN,2.88,mS/m,,
CHEM,Sweden,PC,SE14,IV,0176,BULK,PC,150,201702,1,DOC,DB,,,2.803,mg/l,,
CHEM,Sweden,PC,SE14,IV,0176,BULK,PC,150,201702,1,K,DB,,AAF,0.103,mg/l,,
CHEM,Sweden,PC,SE14,IV,0176,BULK,PC,150,201702,1,MG,DB,,AAF,0.228,mg/l,,
CHEM,Sweden,PC,SE14,IV,0176,BULK,PC,150,201702,1,,DB,,AAF,1.827,mg/l,,
CHEM,Sweden,PC,SE14,IV,0176,BULK,PC,150,201702,1,NH4N,DB,,SP,0.299,mg/l,,
CHEM,Sweden,PC,SE14,IV,0176,BULK,PC,150,201702,1,NO3N,DB,,IC,0.34,mg/l,,
CHEM,Sweden,PC,SE14,IV,0176,BULK,PC,150,201702,1,NTOT,DB,,IC,0.76,mg/l,,
CHEM,Sweden,PC,SE14,IV,0176,BULK,PC,150,201702,1,PH,DB,,TIE,4.7,,,
CHEM,Sweden,PC,SE14,IV,0176,BULK,PC,150,201702,1,PREC,DB,,,30.1391,mm,,
CHEM,Sweden,PC,SE14,IV,0176,BULK,PC,150,201702,1,PTOT,DB,,SP,0.132,mg/l,,
CHEM,Sweden,PC,SE14,IV,0176,BULK,PC,150,201702,1,SO4S,DB,,IC,0.419,mg/l,,
CHEM,Sweden,PC,SE14,IV,0176,BULK,PC,150,201703,1,CA,DB,,AAF,0.347,mg/l,,
CHEM,Sweden,PC,SE14,IV,0176,BULK,PC,150,201703,1,CL,DB,,IC,3.028,mg/l,,
CHEM,Sweden,PC,SE14,IV,0176,BULK,PC,150,201703,1,COND,DB,,CN,2.55,mS/m,,
CHEM,Sweden,PC,SE14,IV,0176,BULK,PC,150,201703,1,DOC,DB,,,2.936,mg/l,,
CHEM,Sweden,PC,SE14,IV,0176,BULK,PC,150,201703,1,K,DB,,AAF,0.079,mg/l,,
CHEM,Sweden,PC,SE14,IV,0176,BULK,PC,150,201703,1,MG,DB,,AAF,0.202,mg/l,,
CHEM,Sweden,PC,SE14,IV,0176,BULK,PC,150,201703,1,,DB,,AAF,1.593,mg/l,,
CHEM,Sweden,PC,SE14,IV,0176,BULK,PC,150,201703,1,NH4N,DB,,SP,0.502,mg/l,,
CHEM,Sweden,PC,SE14,IV,0176,BULK,PC,150,201703,1,NO3N,DB,,IC,0.603,mg/l,,
CHEM,Sweden,PC,SE14,IV,0176,BULK,PC,150,201703,1,NTOT,DB,,IC,1.216,mg/l,,
CHEM,Sweden,PC,SE14,IV,0176,BULK,PC,150,201703,1,PH,DB,,TIE,4.91,,,
CHEM,Sweden,PC,SE14,IV,0176,BULK,PC,150,201703,1,PREC,DB,,,31.7465,mm,,
CHEM,Sweden,PC,SE14,IV,0176,BULK,PC,150,201703,1,PTOT,DB,,SP,0.016,mg/l,,
CHEM,Sweden,PC,SE14,IV,0176,BULK,PC,150,201703,1,SO4S,DB,,IC,0.385,mg/l,,
CHEM,Sweden,PC,SE14,IV,0176,BULK,PC,150,201704,1,CA,DB,,AAF,0.227,mg/l,,
CHEM,Sweden,PC,SE14,IV,0176,BULK,PC,150,201704,1,CL,DB,,IC,1.462,mg/l,,
CHEM,Sweden,PC,SE14,IV,0176,BULK,PC,150,201704,1,COND,DB,,CN,1.27,mS/m,,
CHEM,Sweden,PC,SE14,IV,0176,BULK,PC,150,201704,1,DOC,DB,,,2.89,mg/l,,
CHEM,Sweden,PC,SE14,IV,0176,BULK,PC,150,201704,1,K,DB,,AAF,0.07,mg/l,,
CHEM,Sweden,PC,SE14,IV,0176,BULK,PC,150,201704,1,MG,DB,,AAF,0.108,mg/l,,
CHEM,Sweden,PC,SE14,IV,0176,BULK,PC,150,201704,1,,DB,,AAF,0.896,mg/l,,
CHEM,Sweden,PC,SE14,IV,0176,BULK,PC,150,201704,1,NH4N,DB,,SP,0.294,mg/l,,
CHEM,Sweden,PC,SE14,IV,0176,BULK,PC,150,201704,1,NO3N,DB,,IC,0.274,mg/l,,
CHEM,Sweden,PC,SE14,IV,0176,BULK,PC,150,201704,1,NTOT,DB,,IC,0.646,mg/l,,
CHEM,Sweden,PC,SE14,IV,0176,BULK,PC,150,201704,1,PH,DB,,TIE,5.34,,,
CHEM,Sweden,PC,SE14,IV,0176,BULK,PC,150,201704,1,PREC,DB,,,32.5502,mm,,
CHEM,Sweden,PC,SE14,IV,0176,BULK,PC,150,201704,1,PTOT,DB,,SP,0.0015,mg/l,,
CHEM,Sweden,PC,SE14,IV,0176,BULK,PC,150,201704,1,SO4S,DB,,IC,0.173,mg/l,,
CHEM,Sweden,PC,SE14,IV,0176,BULK,PC,150,201705,1,CA,DB,,AAF,1.461,mg/l,,
CHEM,Sweden,PC,SE14,IV,0176,BULK,PC,150,201705,1,CL,DB,,IC,1.329,mg/l,,
CHEM,Sweden,PC,SE14,IV,0176,BULK,PC,150,201705,1,COND,DB,,CN,4.11,mS/m,,
CHEM,Sweden,PC,SE14,IV,0176,BULK,PC,150,201705,1,K,DB,,AAF,4.201,mg/l,,
CHEM,Sweden,PC,SE14,IV,0176,BULK,PC,150,201705,1,MG,DB,,AAF,0.667,mg/l,,
CHEM,Sweden,PC,SE14,IV,0176,BULK,PC,150,201705,1,,DB,,AAF,1.667,mg/l,,
CHEM,Sweden,PC,SE14,IV,0176,BULK,PC,150,201705,1,NH4N,DB,,SP,2.574,mg/l,,
CHEM,Sweden,PC,SE14,IV,0176,BULK,PC,150,201705,1,NO3N,DB,,IC,1.637,mg/l,,
CHEM,Sweden,PC,SE14,IV,0176,BULK,PC,150,201705,1,NTOT,DB,,IC,5.0824,mg/l,,
CHEM,Sweden,PC,SE14,IV,0176,BULK,PC,150,201705,1,PH,DB,,TIE,6.42,,,
CHEM,Sweden,PC,SE14,IV,0176,BULK,PC,150,201705,1,PREC,DB,,,2.7728,mm,,
CHEM,Sweden,PC,SE14,IV,0176,BULK,PC,150,201705,1,PTOT,DB,,SP,0.146,mg/l,,
CHEM,Sweden,PC,SE14,IV,0176,BULK,PC,150,201705,1,SO4S,DB,,IC,1.043,mg/l,,
CHEM,Sweden,PC,SE14,IV,0176,BULK,PC,150,201706,1,CA,DB,,AAF,0.157,mg/l,,
CHEM,Sweden,PC,SE14,IV,0176,BULK,PC,150,201706,1,CL,DB,,IC,0.557,mg/l,,
CHEM,Sweden,PC,SE14,IV,0176,BULK,PC,150,201706,1,COND,DB,,CN,1.09,mS/m,,
CHEM,Sweden,PC,SE14,IV,0176,BULK,PC,150,201706,1,DOC,DB,,,5.334,mg/l,,
CHEM,Sweden,PC,SE14,IV,0176,BULK,PC,150,201706,1,K,DB,,AAF,0.06,mg/l,,
CHEM,Sweden,PC,SE14,IV,0176,BULK,PC,150,201706,1,MG,DB,,AAF,0.052,mg/l,,
CHEM,Sweden,PC,SE14,IV,0176,BULK,PC,150,201706,1,,DB,,AAF,0.362,mg/l,,
CHEM,Sweden,PC,SE14,IV,0176,BULK,PC,150,201706,1,NH4N,DB,,SP,0.317,mg/l,,
CHEM,Sweden,PC,SE14,IV,0176,BULK,PC,150,201706,1,NO3N,DB,,IC,0.215,mg/l,,
CHEM,Sweden,PC,SE14,IV,0176,BULK,PC,150,201706,1,NTOT,DB,,IC,0.667,mg/l,,
CHEM,Sweden,PC,SE14,IV,0176,BULK,PC,150,201706,1,PH,DB,,TIE,5.12,,,
CHEM,Sweden,PC,SE14,IV,0176,BULK,PC,150,201706,1,PREC,DB,,,96.847,mm,,
CHEM,Sweden,PC,SE14,IV,0176,BULK,PC,150,201706,1,PTOT,DB,,SP,0.0015,mg/l,,
CHEM,Sweden,PC,SE14,IV,0176,BULK,PC,150,201706,1,SO4S,DB,,IC,0.2,mg/l,,
CHEM,Sweden,PC,SE14,IV,0176,BULK,PC,150,201707,1,CA,DB,,AAF,0.243,mg/l,,
CHEM,Sweden,PC,SE14,IV,0176,BULK,PC,150,201707,1,CL,DB,,IC,0.611,mg/l,,
CHEM,Sweden,PC,SE14,IV,0176,BULK,PC,150,201707,1,COND,DB,,CN,1.02,mS/m,,
CHEM,Sweden,PC,SE14,IV,0176,BULK,PC,150,201707,1,DOC,DB,,,7.034,mg/l,,
CHEM,Sweden,PC,SE14,IV,0176,BULK,PC,150,201707,1,K,DB,,AAF,0.098,mg/l,,
CHEM,Sweden,PC,SE14,IV,0176,BULK,PC,150,201707,1,MG,DB,,AAF,0.068,mg/l,,
CHEM,Sweden,PC,SE14,IV,0176,BULK,PC,150,201707,1,,DB,,AAF,0.331,mg/l,,
CHEM,Sweden,PC,SE14,IV,0176,BULK,PC,150,201707,1,NH4N,DB,,SP,0.209,mg/l,,
CHEM,Sweden,PC,SE14,IV,0176,BULK,PC,150,201707,1,NO3N,DB,,IC,0.164,mg/l,,
CHEM,Sweden,PC,SE14,IV,0176,BULK,PC,150,201707,1,NTOT,DB,,IC,0.528,mg/l,,
CHEM,Sweden,PC,SE14,IV,0176,BULK,PC,150,201707,1,PH,DB,,TIE,5.12,,,
CHEM,Sweden,PC,SE14,IV,0176,BULK,PC,150,201707,1,PREC,DB,,,36.5688,mm,,
CHEM,Sweden,PC,SE14,IV,0176,BULK,PC,150,201707,1,PTOT,DB,,SP,0.005,mg/l,,
CHEM,Sweden,PC,SE14,IV,0176,BULK,PC,150,201707,1,SO4S,DB,,IC,0.166,mg/l,,
CHEM,Sweden,PC,SE14,IV,0176,BULK,PC,150,201708,1,CA,DB,,AAF,0.119,mg/l,,
CHEM,Sweden,PC,SE14,IV,0176,BULK,PC,150,201708,1,CL,DB,,IC,0.771,mg/l,,
CHEM,Sweden,PC,SE14,IV,0176,BULK,PC,150,201708,1,COND,DB,,CN,0.8,mS/m,,
CHEM,Sweden,PC,SE14,IV,0176,BULK,PC,150,201708,1,DOC,DB,,,1.928,mg/l,,
CHEM,Sweden,PC,SE14,IV,0176,BULK,PC,150,201708,1,K,DB,,AAF,0.191,mg/l,,
CHEM,Sweden,PC,SE14,IV,0176,BULK,PC,150,201708,1,MG,DB,,AAF,0.044,mg/l,,
CHEM,Sweden,PC,SE14,IV,0176,BULK,PC,150,201708,1,,DB,,AAF,0.449,mg/l,,
CHEM,Sweden,PC,SE14,IV,0176,BULK,PC,150,201708,1,NH4N,DB,,SP,0.185,mg/l,,
CHEM,Sweden,PC,SE14,IV,0176,BULK,PC,150,201708,1,NO3N,DB,,IC,0.184,mg/l,,
CHEM,Sweden,PC,SE14,IV,0176,BULK,PC,150,201708,1,NTOT,DB,,IC,0.64,mg/l,,
CHEM,Sweden,PC,SE14,IV,0176,BULK,PC,150,201708,1,PH,DB,,TIE,5.72,,,
CHEM,Sweden,PC,SE14,IV,0176,BULK,PC,150,201708,1,PREC,DB,,,84.7914,mm,,
CHEM,Sweden,PC,SE14,IV,0176,BULK,PC,150,201708,1,PTOT,DB,,SP,0.0015,mg/l,,
CHEM,Sweden,PC,SE14,IV,0176,BULK,PC,150,201708,1,SO4S,DB,,IC,0.135,mg/l,,
CHEM,Sweden,PC,SE14,IV,0176,BULK,PC,150,201709,1,CA,DB,,AAF,0.156,mg/l,,
CHEM,Sweden,PC,SE14,IV,0176,BULK,PC,150,201709,1,CL,DB,,IC,0.221,mg/l,,
CHEM,Sweden,PC,SE14,IV,0176,BULK,PC,150,201709,1,COND,DB,,CN,0.81,mS/m,,
CHEM,Sweden,PC,SE14,IV,0176,BULK,PC,150,201709,1,DOC,DB,,,3.664,mg/l,,
CHEM,Sweden,PC,SE14,IV,0176,BULK,PC,150,201709,1,K,DB,,AAF,0.034,mg/l,,
CHEM,Sweden,PC,SE14,IV,0176,BULK,PC,150,201709,1,MG,DB,,AAF,0.027,mg/l,,
CHEM,Sweden,PC,SE14,IV,0176,BULK,PC,150,201709,1,,DB,,AAF,0.117,mg/l,,
CHEM,Sweden,PC,SE14,IV,0176,BULK,PC,150,201709,1,NH4N,DB,,SP,0.246,mg/l,,
CHEM,Sweden,PC,SE14,IV,0176,BULK,PC,150,201709,1,NO3N,DB,,IC,0.202,mg/l,,
CHEM,Sweden,PC,SE14,IV,0176,BULK,PC,150,201709,1,NTOT,DB,,IC,0.578,mg/l,,
CHEM,Sweden,PC,SE14,IV,0176,BULK,PC,150,201709,1,PH,DB,,TIE,5.1,,,
CHEM,Sweden,PC,SE14,IV,0176,BULK,PC,150,201709,1,PREC,DB,,,100.866,mm,,
CHEM,Sweden,PC,SE14,IV,0176,BULK,PC,150,201709,1,PTOT,DB,,SP,0.0015,mg/l,,
CHEM,Sweden,PC,SE14,IV,0176,BULK,PC,150,201709,1,SO4S,DB,,IC,0.15,mg/l,,
CHEM,Sweden,PC,SE14,IV,0176,BULK,PC,150,201710,1,CA,DB,,AAF,0.128,mg/l,,
CHEM,Sweden,PC,SE14,IV,0176,BULK,PC,150,201710,1,CL,DB,,IC,1.25,mg/l,,
CHEM,Sweden,PC,SE14,IV,0176,BULK,PC,150,201710,1,COND,DB,,CN,1.06,mS/m,,
CHEM,Sweden,PC,SE14,IV,0176,BULK,PC,150,201710,1,DOC,DB,,,2.402,mg/l,,
CHEM,Sweden,PC,SE14,IV,0176,BULK,PC,150,201710,1,K,DB,,AAF,0.035,mg/l,,
CHEM,Sweden,PC,SE14,IV,0176,BULK,PC,150,201710,1,MG,DB,,AAF,0.082,mg/l,,
CHEM,Sweden,PC,SE14,IV,0176,BULK,PC,150,201710,1,,DB,,AAF,0.625,mg/l,,
CHEM,Sweden,PC,SE14,IV,0176,BULK,PC,150,201710,1,NH4N,DB,,SP,0.099,mg/l,,
CHEM,Sweden,PC,SE14,IV,0176,BULK,PC,150,201710,1,NO3N,DB,,IC,0.12,mg/l,,
CHEM,Sweden,PC,SE14,IV,0176,BULK,PC,150,201710,1,NTOT,DB,,IC,0.22,mg/l,,
CHEM,Sweden,PC,SE14,IV,0176,BULK,PC,150,201710,1,PH,DB,,TIE,5.07,,,
CHEM,Sweden,PC,SE14,IV,0176,BULK,PC,150,201710,1,PREC,DB,,,52.643,mm,,
CHEM,Sweden,PC,SE14,IV,0176,BULK,PC,150,201710,1,PTOT,DB,,SP,0.006,mg/l,,
CHEM,Sweden,PC,SE14,IV,0176,BULK,PC,150,201710,1,SO4S,DB,,IC,0.126,mg/l,,
CHEM,Sweden,PC,SE14,IV,0176,BULK,PC,150,201711,1,CA,DB,,AAF,0.142,mg/l,,
CHEM,Sweden,PC,SE14,IV,0176,BULK,PC,150,201711,1,CL,DB,,IC,1.918,mg/l,,
CHEM,Sweden,PC,SE14,IV,0176,BULK,PC,150,201711,1,COND,DB,,CN,1.54,mS/m,,
CHEM,Sweden,PC,SE14,IV,0176,BULK,PC,150,201711,1,DOC,DB,,,2.719,mg/l,,
CHEM,Sweden,PC,SE14,IV,0176,BULK,PC,150,201711,1,K,DB,,AAF,0.061,mg/l,,
CHEM,Sweden,PC,SE14,IV,0176,BULK,PC,150,201711,1,MG,DB,,AAF,0.137,mg/l,,
CHEM,Sweden,PC,SE14,IV,0176,BULK,PC,150,201711,1,,DB,,AAF,1.064,mg/l,,
CHEM,Sweden,PC,SE14,IV,0176,BULK,PC,150,201711,1,NH4N,DB,,SP,0.112,mg/l,,
CHEM,Sweden,PC,SE14,IV,0176,BULK,PC,150,201711,1,NO3N,DB,,IC,0.159,mg/l,,
CHEM,Sweden,PC,SE14,IV,0176,BULK,PC,150,201711,1,NTOT,DB,,IC,0.365,mg/l,,
CHEM,Sweden,PC,SE14,IV,0176,BULK,PC,150,201711,1,PH,DB,,TIE,4.97,,,
CHEM,Sweden,PC,SE14,IV,0176,BULK,PC,150,201711,1,PREC,DB,,,88.0062,mm,,
CHEM,Sweden,PC,SE14,IV,0176,BULK,PC,150,201711,1,PTOT,DB,,SP,0.009,mg/l,,
CHEM,Sweden,PC,SE14,IV,0176,BULK,PC,150,201711,1,SO4S,DB,,IC,0.168,mg/l,,
CHEM,Sweden,PC,SE14,IV,0176,BULK,PC,150,201712,1,CA,DB,,AAF,0.084,mg/l,,
CHEM,Sweden,PC,SE14,IV,0176,BULK,PC,150,201712,1,CL,DB,,IC,1.055,mg/l,,
CHEM,Sweden,PC,SE14,IV,0176,BULK,PC,150,201712,1,COND,DB,,CN,1.12,mS/m,,
CHEM,Sweden,PC,SE14,IV,0176,BULK,PC,150,201712,1,DOC,DB,,,1.348,mg/l,,
CHEM,Sweden,PC,SE14,IV,0176,BULK,PC,150,201712,1,K,DB,,AAF,0.045,mg/l,,
CHEM,Sweden,PC,SE14,IV,0176,BULK,PC,150,201712,1,MG,DB,,AAF,0.082,mg/l,,
CHEM,Sweden,PC,SE14,IV,0176,BULK,PC,150,201712,1,,DB,,AAF,0.567,mg/l,,
CHEM,Sweden,PC,SE14,IV,0176,BULK,PC,150,201712,1,NH4N,DB,,SP,0.083,mg/l,,
CHEM,Sweden,PC,SE14,IV,0176,BULK,PC,150,201712,1,NO3N,DB,,IC,0.192,mg/l,,
CHEM,Sweden,PC,SE14,IV,0176,BULK,PC,150,201712,1,NTOT,DB,,IC,0.292,mg/l,,
CHEM,Sweden,PC,SE14,IV,0176,BULK,PC,150,201712,1,PH,DB,,TIE,4.94,,,
CHEM,Sweden,PC,SE14,IV,0176,BULK,PC,150,201712,1,PREC,DB,,,172.798,mm,,
CHEM,Sweden,PC,SE14,IV,0176,BULK,PC,150,201712,1,PTOT,DB,,SP,0.007,mg/l,,
CHEM,Sweden,PC,SE14,IV,0176,BULK,PC,150,201712,1,SO4S,DB,,IC,0.116,mg/l,,
CHEM,Sweden,PC,SE14,IV,0176,BULK,PC,150,201801,1,AL,DB,,PLM,0.0486,µg/l,,
CHEM,Sweden,PC,SE14,IV,0176,BULK,PC,150,201801,1,AS,DB,,PLM,0.082,µg/l,,
CHEM,Sweden,PC,SE14,IV,0176,BULK,PC,150,201801,1,CA,DB,,AAF,0.267,mg/l,,
CHEM,Sweden,PC,SE14,IV,0176,BULK,PC,150,201801,1,CD,DB,,PLM,0.0182,µg/l,,
CHEM,Sweden,PC,SE14,IV,0176,BULK,PC,150,201801,1,CL,DB,,IC,2.008,mg/l,,
CHEM,Sweden,PC,SE14,IV,0176,BULK,PC,150,201801,1,CO,DB,,PLM,0.048,µg/l,,
CHEM,Sweden,PC,SE14,IV,0176,BULK,PC,150,201801,1,COND,DB,,CN,1.68,mS/m,,
CHEM,Sweden,PC,SE14,IV,0176,BULK,PC,150,201801,1,CR,DB,,PLM,0.128,µg/l,,
CHEM,Sweden,PC,SE14,IV,0176,BULK,PC,150,201801,1,CU,DB,,PLM,0.323,µg/l,,
CHEM,Sweden,PC,SE14,IV,0176,BULK,PC,150,201801,1,DOC,DB,,,1.366,mg/l,,
CHEM,Sweden,PC,SE14,IV,0176,BULK,PC,150,201801,1,FE,DB,,PLM,0.0267,µg/l,,
CHEM,Sweden,PC,SE14,IV,0176,BULK,PC,150,201801,1,HG,DB,,AFC,3.5,µg/l,,
CHEM,Sweden,PC,SE14,IV,0176,BULK,PC,150,201801,1,HGM,DB,,AFC,220,ng/l,,
CHEM,Sweden,PC,SE14,IV,0176,BULK,PC,150,201801,1,K,DB,,AAF,0.07,mg/l,,
CHEM,Sweden,PC,SE14,IV,0176,BULK,PC,150,201801,1,MG,DB,,AAF,0.139,mg/l,,
CHEM,Sweden,PC,SE14,IV,0176,BULK,PC,150,201801,1,MN,DB,,PLM,0.0036,µg/l,,
CHEM,Sweden,PC,SE14,IV,0176,BULK,PC,150,201801,1,MO,DB,,PLM,0.01,µg/l,,
CHEM,Sweden,PC,SE14,IV,0176,BULK,PC,150,201801,1,,DB,,AAF,1.018,mg/l,,
CHEM,Sweden,PC,SE14,IV,0176,BULK,PC,150,201801,1,NH4N,DB,,SP,0.186,mg/l,,
CHEM,Sweden,PC,SE14,IV,0176,BULK,PC,150,201801,1,NI,DB,,PLM,0.111,µg/l,,
CHEM,Sweden,PC,SE14,IV,0176,BULK,PC,150,201801,1,NO3N,DB,,IC,0.282,mg/l,,
CHEM,Sweden,PC,SE14,IV,0176,BULK,PC,150,201801,1,NTOT,DB,,IC,0.56,mg/l,,
CHEM,Sweden,PC,SE14,IV,0176,BULK,PC,150,201801,1,PB,DB,,PLM,0.414,µg/l,,
CHEM,Sweden,PC,SE14,IV,0176,BULK,PC,150,201801,1,PH,DB,,TIE,4.97,,,
CHEM,Sweden,PC,SE14,IV,0176,BULK,PC,150,201801,1,PREC,DB,,,61.0819,mm,,
CHEM,Sweden,PC,SE14,IV,0176,BULK,PC,150,201801,1,PTOT,DB,,SP,0.005,mg/l,,
CHEM,Sweden,PC,SE14,IV,0176,BULK,PC,150,201801,1,SE,DB,,PLM,0.08,µg/l,,
CHEM,Sweden,PC,SE14,IV,0176,BULK,PC,150,201801,1,SO4S,DB,,IC,0.29,mg/l,,
CHEM,Sweden,PC,SE14,IV,0176,BULK,PC,150,201801,1,V,DB,,PLM,0.158,µg/l,,
CHEM,Sweden,PC,SE14,IV,0176,BULK,PC,150,201801,1,ZN,DB,,PLM,2.81,µg/l,,
CHEM,Sweden,PC,SE14,IV,0176,BULK,PC,150,201802,1,AL,DB,,PLM,0.0073,µg/l,,
CHEM,Sweden,PC,SE14,IV,0176,BULK,PC,150,201802,1,AS,DB,,PLM,0.159,µg/l,,
CHEM,Sweden,PC,SE14,IV,0176,BULK,PC,150,201802,1,CA,DB,,AAF,0.0808,mg/l,,
CHEM,Sweden,PC,SE14,IV,0176,BULK,PC,150,201802,1,CD,DB,,PLM,0.0379,µg/l,,
CHEM,Sweden,PC,SE14,IV,0176,BULK,PC,150,201802,1,CL,DB,,IC,0.808,mg/l,,
CHEM,Sweden,PC,SE14,IV,0176,BULK,PC,150,201802,1,CO,DB,,PLM,0.023,µg/l,,
CHEM,Sweden,PC,SE14,IV,0176,BULK,PC,150,201802,1,COND,DB,,CN,0.8,mS/m,,
CHEM,Sweden,PC,SE14,IV,0176,BULK,PC,150,201802,1,CR,DB,,PLM,0.16,µg/l,,
CHEM,Sweden,PC,SE14,IV,0176,BULK,PC,150,201802,1,CU,DB,,PLM,1.67,µg/l,,
CHEM,Sweden,PC,SE14,IV,0176,BULK,PC,150,201802,1,DOC,DB,,,1,mg/l,,
CHEM,Sweden,PC,SE14,IV,0176,BULK,PC,150,201802,1,FE,DB,,PLM,0.0101,µg/l,,
CHEM,Sweden,PC,SE14,IV,0176,BULK,PC,150,201802,1,HG,DB,,AFC,2.4,µg/l,,
CHEM,Sweden,PC,SE14,IV,0176,BULK,PC,150,201802,1,HGM,DB,,AFC,30,ng/l,,
CHEM,Sweden,PC,SE14,IV,0176,BULK,PC,150,201802,1,K,DB,,AAF,0.0205,mg/l,,
CHEM,Sweden,PC,SE14,IV,0176,BULK,PC,150,201802,1,MG,DB,,AAF,0.0382,mg/l,,
CHEM,Sweden,PC,SE14,IV,0176,BULK,PC,150,201802,1,MN,DB,,PLM,0.0034,µg/l,,
CHEM,Sweden,PC,SE14,IV,0176,BULK,PC,150,201802,1,MO,DB,,PLM,0.02,µg/l,,
CHEM,Sweden,PC,SE14,IV,0176,BULK,PC,150,201802,1,,DB,,AAF,0.2817,mg/l,,
CHEM,Sweden,PC,SE14,IV,0176,BULK,PC,150,201802,1,NH4N,DB,,SP,0.257,mg/l,,
CHEM,Sweden,PC,SE14,IV,0176,BULK,PC,150,201802,1,NI,DB,,PLM,0.424,µg/l,,
CHEM,Sweden,PC,SE14,IV,0176,BULK,PC,150,201802,1,NO3N,DB,,IC,0.166,mg/l,,
CHEM,Sweden,PC,SE14,IV,0176,BULK,PC,150,201802,1,NTOT,DB,,IC,0.425,mg/l,,
CHEM,Sweden,PC,SE14,IV,0176,BULK,PC,150,201802,1,PB,DB,,PLM,2.75,µg/l,,
CHEM,Sweden,PC,SE14,IV,0176,BULK,PC,150,201802,1,PH,DB,,TIE,5.37,,,
CHEM,Sweden,PC,SE14,IV,0176,BULK,PC,150,201802,1,PREC,DB,,,7.2736,mm,,
CHEM,Sweden,PC,SE14,IV,0176,BULK,PC,150,201802,1,PTOT,DB,,SP,0.0015,mg/l,,
CHEM,Sweden,PC,SE14,IV,0176,BULK,PC,150,201802,1,SE,DB,,PLM,0.19,µg/l,,
CHEM,Sweden,PC,SE14,IV,0176,BULK,PC,150,201802,1,SO4S,DB,,IC,0.075,mg/l,,
CHEM,Sweden,PC,SE14,IV,0176,BULK,PC,150,201802,1,V,DB,,PLM,0.147,µg/l,,
CHEM,Sweden,PC,SE14,IV,0176,BULK,PC,150,201802,1,ZN,DB,,PLM,14.5,µg/l,,
CHEM,Sweden,PC,SE14,IV,0176,BULK,PC,150,201803,1,AL,DB,,PLM,0.0211,µg/l,,
CHEM,Sweden,PC,SE14,IV,0176,BULK,PC,150,201803,1,AS,DB,,PLM,0.129,µg/l,,
CHEM,Sweden,PC,SE14,IV,0176,BULK,PC,150,201803,1,CA,DB,,AAF,0.29,mg/l,,
CHEM,Sweden,PC,SE14,IV,0176,BULK,PC,150,201803,1,CD,DB,,PLM,0.0411,µg/l,,
CHEM,Sweden,PC,SE14,IV,0176,BULK,PC,150,201803,1,CL,DB,,IC,0.644,mg/l,,
CHEM,Sweden,PC,SE14,IV,0176,BULK,PC,150,201803,1,CO,DB,,PLM,0.019,µg/l,,
CHEM,Sweden,PC,SE14,IV,0176,BULK,PC,150,201803,1,COND,DB,,CN,1.86,mS/m,,
CHEM,Sweden,PC,SE14,IV,0176,BULK,PC,150,201803,1,CR,DB,,PLM,0.115,µg/l,,
CHEM,Sweden,PC,SE14,IV,0176,BULK,PC,150,201803,1,CU,DB,,PLM,0.578,µg/l,,
CHEM,Sweden,PC,SE14,IV,0176,BULK,PC,150,201803,1,DOC,DB,,,2.549,mg/l,,
CHEM,Sweden,PC,SE14,IV,0176,BULK,PC,150,201803,1,FE,DB,,PLM,0.0133,µg/l,,
CHEM,Sweden,PC,SE14,IV,0176,BULK,PC,150,201803,1,HG,DB,,AFC,2.8,µg/l,,
CHEM,Sweden,PC,SE14,IV,0176,BULK,PC,150,201803,1,HGM,DB,,AFC,110,ng/l,,
CHEM,Sweden,PC,SE14,IV,0176,BULK,PC,150,201803,1,K,DB,,AAF,0.112,mg/l,,
CHEM,Sweden,PC,SE14,IV,0176,BULK,PC,150,201803,1,MG,DB,,AAF,0.063,mg/l,,
CHEM,Sweden,PC,SE14,IV,0176,BULK,PC,150,201803,1,MN,DB,,PLM,0.003,µg/l,,
CHEM,Sweden,PC,SE14,IV,0176,BULK,PC,150,201803,1,MO,DB,,PLM,0.02,µg/l,,
CHEM,Sweden,PC,SE14,IV,0176,BULK,PC,150,201803,1,,DB,,AAF,0.36,mg/l,,
CHEM,Sweden,PC,SE14,IV,0176,BULK,PC,150,201803,1,NH4N,DB,,SP,0.597,mg/l,,
CHEM,Sweden,PC,SE14,IV,0176,BULK,PC,150,201803,1,NI,DB,,PLM,0.157,µg/l,,
CHEM,Sweden,PC,SE14,IV,0176,BULK,PC,150,201803,1,NO3N,DB,,IC,0.613,mg/l,,
CHEM,Sweden,PC,SE14,IV,0176,BULK,PC,150,201803,1,NTOT,DB,,IC,1.232,mg/l,,
CHEM,Sweden,PC,SE14,IV,0176,BULK,PC,150,201803,1,PB,DB,,PLM,0.884,µg/l,,
CHEM,Sweden,PC,SE14,IV,0176,BULK,PC,150,201803,1,PH,DB,,TIE,4.84,,,
CHEM,Sweden,PC,SE14,IV,0176,BULK,PC,150,201803,1,PREC,DB,,,24.915,mm,,
CHEM,Sweden,PC,SE14,IV,0176,BULK,PC,150,201803,1,PTOT,DB,,SP,0.007,mg/l,,
CHEM,Sweden,PC,SE14,IV,0176,BULK,PC,150,201803,1,SE,DB,,PLM,0.14,µg/l,,
CHEM,Sweden,PC,SE14,IV,0176,BULK,PC,150,201803,1,SO4S,DB,,IC,0.412,mg/l,,
CHEM,Sweden,PC,SE14,IV,0176,BULK,PC,150,201803,1,V,DB,,PLM,0.22,µg/l,,
CHEM,Sweden,PC,SE14,IV,0176,BULK,PC,150,201803,1,ZN,DB,,PLM,6.66,µg/l,,
CHEM,Sweden,PC,SE14,IV,0176,BULK,PC,150,201804,1,AL,DB,,PLM,0.0272,µg/l,,
CHEM,Sweden,PC,SE14,IV,0176,BULK,PC,150,201804,1,AS,DB,,PLM,0.136,µg/l,,
CHEM,Sweden,PC,SE14,IV,0176,BULK,PC,150,201804,1,CA,DB,,AAF,0.374,mg/l,,
CHEM,Sweden,PC,SE14,IV,0176,BULK,PC,150,201804,1,CD,DB,,PLM,0.0342,µg/l,,
CHEM,Sweden,PC,SE14,IV,0176,BULK,PC,150,201804,1,CL,DB,,IC,0.73,mg/l,,
CHEM,Sweden,PC,SE14,IV,0176,BULK,PC,150,201804,1,CO,DB,,PLM,0.039,µg/l,,
CHEM,Sweden,PC,SE14,IV,0176,BULK,PC,150,201804,1,COND,DB,,CN,2.07,mS/m,,
CHEM,Sweden,PC,SE14,IV,0176,BULK,PC,150,201804,1,CR,DB,,PLM,0.192,µg/l,,
CHEM,Sweden,PC,SE14,IV,0176,BULK,PC,150,201804,1,CU,DB,,PLM,0.808,µg/l,,
CHEM,Sweden,PC,SE14,IV,0176,BULK,PC,150,201804,1,DOC,DB,,,6.632,mg/l,,
CHEM,Sweden,PC,SE14,IV,0176,BULK,PC,150,201804,1,FE,DB,,PLM,0.0101,µg/l,,
CHEM,Sweden,PC,SE14,IV,0176,BULK,PC,150,201804,1,HG,DB,,AFC,8.0978,µg/l,,
CHEM,Sweden,PC,SE14,IV,0176,BULK,PC,150,201804,1,HGM,DB,,AFC,380,ng/l,,
CHEM,Sweden,PC,SE14,IV,0176,BULK,PC,150,201804,1,K,DB,,AAF,0.136,mg/l,,
CHEM,Sweden,PC,SE14,IV,0176,BULK,PC,150,201804,1,MG,DB,,AAF,0.097,mg/l,,
CHEM,Sweden,PC,SE14,IV,0176,BULK,PC,150,201804,1,MN,DB,,PLM,0.0052,µg/l,,
CHEM,Sweden,PC,SE14,IV,0176,BULK,PC,150,201804,1,MO,DB,,PLM,0.03,µg/l,,
CHEM,Sweden,PC,SE14,IV,0176,BULK,PC,150,201804,1,,DB,,AAF,0.468,mg/l,,
CHEM,Sweden,PC,SE14,IV,0176,BULK,PC,150,201804,1,NH4N,DB,,SP,1.288,mg/l,,
CHEM,Sweden,PC,SE14,IV,0176,BULK,PC,150,201804,1,NI,DB,,PLM,0.221,µg/l,,
CHEM,Sweden,PC,SE14,IV,0176,BULK,PC,150,201804,1,NO3N,DB,,IC,0.747,mg/l,,
CHEM,Sweden,PC,SE14,IV,0176,BULK,PC,150,201804,1,NTOT,DB,,IC,2.378,mg/l,,
CHEM,Sweden,PC,SE14,IV,0176,BULK,PC,150,201804,1,PB,DB,,PLM,0.326,µg/l,,
CHEM,Sweden,PC,SE14,IV,0176,BULK,PC,150,201804,1,PH,DB,,TIE,5.83,,,
CHEM,Sweden,PC,SE14,IV,0176,BULK,PC,150,201804,1,PREC,DB,,,22.102,mm,,
CHEM,Sweden,PC,SE14,IV,0176,BULK,PC,150,201804,1,PTOT,DB,,SP,0.0015,mg/l,,
CHEM,Sweden,PC,SE14,IV,0176,BULK,PC,150,201804,1,SE,DB,,PLM,0.21,µg/l,,
CHEM,Sweden,PC,SE14,IV,0176,BULK,PC,150,201804,1,SO4S,DB,,IC,0.462,mg/l,,
CHEM,Sweden,PC,SE14,IV,0176,BULK,PC,150,201804,1,V,DB,,PLM,0.276,µg/l,,
CHEM,Sweden,PC,SE14,IV,0176,BULK,PC,150,201804,1,ZN,DB,,PLM,5.53,µg/l,,
CHEM,Sweden,PC,SE14,IV,0176,BULK,PC,150,201805,1,CA,DB,,AAF,1.144,mg/l,,
CHEM,Sweden,PC,SE14,IV,0176,BULK,PC,150,201805,1,CL,DB,,IC,0.697,mg/l,,
CHEM,Sweden,PC,SE14,IV,0176,BULK,PC,150,201805,1,COND,DB,,CN,3.71,mS/m,,
CHEM,Sweden,PC,SE14,IV,0176,BULK,PC,150,201805,1,DOC,DB,,,13.797,mg/l,,
CHEM,Sweden,PC,SE14,IV,0176,BULK,PC,150,201805,1,K,DB,,AAF,1.03,mg/l,,
CHEM,Sweden,PC,SE14,IV,0176,BULK,PC,150,201805,1,MG,DB,,AAF,0.238,mg/l,,
CHEM,Sweden,PC,SE14,IV,0176,BULK,PC,150,201805,1,,DB,,AAF,0.525,mg/l,,
CHEM,Sweden,PC,SE14,IV,0176,BULK,PC,150,201805,1,NH4N,DB,,SP,2.218,mg/l,,
CHEM,Sweden,PC,SE14,IV,0176,BULK,PC,150,201805,1,NO3N,DB,,IC,0.852,mg/l,,
CHEM,Sweden,PC,SE14,IV,0176,BULK,PC,150,201805,1,NTOT,DB,,IC,3.486,mg/l,,
CHEM,Sweden,PC,SE14,IV,0176,BULK,PC,150,201805,1,PH,DB,,TIE,6.49,,,
CHEM,Sweden,PC,SE14,IV,0176,BULK,PC,150,201805,1,PREC,DB,,,4.0185,mm,,
CHEM,Sweden,PC,SE14,IV,0176,BULK,PC,150,201805,1,PTOT,DB,,SP,0.115,mg/l,,
CHEM,Sweden,PC,SE14,IV,0176,BULK,PC,150,201805,1,SO4S,DB,,IC,1.065,mg/l,,
CHEM,Sweden,PC,SE14,IV,0176,BULK,PC,150,201806,1,AL,DB,,PLM,0.0323,µg/l,,
CHEM,Sweden,PC,SE14,IV,0176,BULK,PC,150,201806,1,AS,DB,,PLM,0.108,µg/l,,
CHEM,Sweden,PC,SE14,IV,0176,BULK,PC,150,201806,1,CA,DB,,AAF,0.266,mg/l,,
CHEM,Sweden,PC,SE14,IV,0176,BULK,PC,150,201806,1,CD,DB,,PLM,0.0181,µg/l,,
CHEM,Sweden,PC,SE14,IV,0176,BULK,PC,150,201806,1,CL,DB,,IC,0.622,mg/l,,
CHEM,Sweden,PC,SE14,IV,0176,BULK,PC,150,201806,1,CO,DB,,PLM,0.028,µg/l,,
CHEM,Sweden,PC,SE14,IV,0176,BULK,PC,150,201806,1,COND,DB,,CN,1.61,mS/m,,
CHEM,Sweden,PC,SE14,IV,0176,BULK,PC,150,201806,1,CR,DB,,PLM,0.277,µg/l,,
CHEM,Sweden,PC,SE14,IV,0176,BULK,PC,150,201806,1,CU,DB,,PLM,1.22,µg/l,,
CHEM,Sweden,PC,SE14,IV,0176,BULK,PC,150,201806,1,DOC,DB,,,13.334,mg/l,,
CHEM,Sweden,PC,SE14,IV,0176,BULK,PC,150,201806,1,FE,DB,,PLM,0.0138,µg/l,,
CHEM,Sweden,PC,SE14,IV,0176,BULK,PC,150,201806,1,HG,DB,,AFC,8.9461,µg/l,,
CHEM,Sweden,PC,SE14,IV,0176,BULK,PC,150,201806,1,HGM,DB,,AFC,220,ng/l,,
CHEM,Sweden,PC,SE14,IV,0176,BULK,PC,150,201806,1,K,DB,,AAF,0.158,mg/l,,
CHEM,Sweden,PC,SE14,IV,0176,BULK,PC,150,201806,1,MG,DB,,AAF,0.082,mg/l,,
CHEM,Sweden,PC,SE14,IV,0176,BULK,PC,150,201806,1,MN,DB,,PLM,0.005,µg/l,,
CHEM,Sweden,PC,SE14,IV,0176,BULK,PC,150,201806,1,MO,DB,,PLM,0.04,µg/l,,
CHEM,Sweden,PC,SE14,IV,0176,BULK,PC,150,201806,1,,DB,,AAF,0.38,mg/l,,
CHEM,Sweden,PC,SE14,IV,0176,BULK,PC,150,201806,1,NH4N,DB,,SP,0.642,mg/l,,
CHEM,Sweden,PC,SE14,IV,0176,BULK,PC,150,201806,1,NI,DB,,PLM,0.24,µg/l,,
CHEM,Sweden,PC,SE14,IV,0176,BULK,PC,150,201806,1,NO3N,DB,,IC,0.366,mg/l,,
CHEM,Sweden,PC,SE14,IV,0176,BULK,PC,150,201806,1,NTOT,DB,,IC,1.403,mg/l,,
CHEM,Sweden,PC,SE14,IV,0176,BULK,PC,150,201806,1,PB,DB,,PLM,0.404,µg/l,,
CHEM,Sweden,PC,SE14,IV,0176,BULK,PC,150,201806,1,PH,DB,,TIE,5.17,,,
CHEM,Sweden,PC,SE14,IV,0176,BULK,PC,150,201806,1,PREC,DB,,,22.9057,mm,,
CHEM,Sweden,PC,SE14,IV,0176,BULK,PC,150,201806,1,PTOT,DB,,SP,0.0015,mg/l,,
CHEM,Sweden,PC,SE14,IV,0176,BULK,PC,150,201806,1,SE,DB,,PLM,0.12,µg/l,,
CHEM,Sweden,PC,SE14,IV,0176,BULK,PC,150,201806,1,SO4S,DB,,IC,0.264,mg/l,,
CHEM,Sweden,PC,SE14,IV,0176,BULK,PC,150,201806,1,V,DB,,PLM,0.174,µg/l,,
CHEM,Sweden,PC,SE14,IV,0176,BULK,PC,150,201806,1,ZN,DB,,PLM,6.86,µg/l,,
CHEM,Sweden,PC,SE14,IV,0176,BULK,PC,150,201807,1,CA,DB,,AAF,0.906,mg/l,,
CHEM,Sweden,PC,SE14,IV,0176,BULK,PC,150,201807,1,CL,DB,,IC,0.724,mg/l,,
CHEM,Sweden,PC,SE14,IV,0176,BULK,PC,150,201807,1,COND,DB,,CN,3.37,mS/m,,
CHEM,Sweden,PC,SE14,IV,0176,BULK,PC,150,201807,1,DOC,DB,,,40.418,mg/l,,
CHEM,Sweden,PC,SE14,IV,0176,BULK,PC,150,201807,1,K,DB,,AAF,0.277,mg/l,,
CHEM,Sweden,PC,SE14,IV,0176,BULK,PC,150,201807,1,MG,DB,,AAF,0.209,mg/l,,
CHEM,Sweden,PC,SE14,IV,0176,BULK,PC,150,201807,1,,DB,,AAF,0.583,mg/l,,
CHEM,Sweden,PC,SE14,IV,0176,BULK,PC,150,201807,1,NH4N,DB,,SP,0.751,mg/l,,
CHEM,Sweden,PC,SE14,IV,0176,BULK,PC,150,201807,1,NO3N,DB,,IC,0.489,mg/l,,
CHEM,Sweden,PC,SE14,IV,0176,BULK,PC,150,201807,1,NTOT,DB,,IC,2.127,mg/l,,
CHEM,Sweden,PC,SE14,IV,0176,BULK,PC,150,201807,1,PH,DB,,TIE,4.48,,,
CHEM,Sweden,PC,SE14,IV,0176,BULK,PC,150,201807,1,PREC,DB,,,10.0464,mm,,
CHEM,Sweden,PC,SE14,IV,0176,BULK,PC,150,201807,1,PTOT,DB,,SP,0.0015,mg/l,,
CHEM,Sweden,PC,SE14,IV,0176,BULK,PC,150,201807,1,SO4S,DB,,IC,0.504,mg/l,,
CHEM,Sweden,PC,SE14,IV,0176,BULK,PC,150,201808,1,AL,DB,,PLM,0.028,µg/l,,
CHEM,Sweden,PC,SE14,IV,0176,BULK,PC,150,201808,1,AS,DB,,PLM,0.077,µg/l,,
CHEM,Sweden,PC,SE14,IV,0176,BULK,PC,150,201808,1,CA,DB,,AAF,0.174,mg/l,,
CHEM,Sweden,PC,SE14,IV,0176,BULK,PC,150,201808,1,CD,DB,,PLM,0.0162,µg/l,,
CHEM,Sweden,PC,SE14,IV,0176,BULK,PC,150,201808,1,CL,DB,,IC,0.414,mg/l,,
CHEM,Sweden,PC,SE14,IV,0176,BULK,PC,150,201808,1,CO,DB,,PLM,0.02,µg/l,,
CHEM,Sweden,PC,SE14,IV,0176,BULK,PC,150,201808,1,COND,DB,,CN,1.48,mS/m,,
CHEM,Sweden,PC,SE14,IV,0176,BULK,PC,150,201808,1,CR,DB,,PLM,0.2,µg/l,,
CHEM,Sweden,PC,SE14,IV,0176,BULK,PC,150,201808,1,CU,DB,,PLM,0.793,µg/l,,
CHEM,Sweden,PC,SE14,IV,0176,BULK,PC,150,201808,1,DOC,DB,,,11.102,mg/l,,
CHEM,Sweden,PC,SE14,IV,0176,BULK,PC,150,201808,1,FE,DB,,PLM,0.0189,µg/l,,
CHEM,Sweden,PC,SE14,IV,0176,BULK,PC,150,201808,1,HG,DB,,AFC,5.9097,µg/l,,
CHEM,Sweden,PC,SE14,IV,0176,BULK,PC,150,201808,1,HGM,DB,,AFC,160,ng/l,,
CHEM,Sweden,PC,SE14,IV,0176,BULK,PC,150,201808,1,K,DB,,AAF,0.074,mg/l,,
CHEM,Sweden,PC,SE14,IV,0176,BULK,PC,150,201808,1,MG,DB,,AAF,0.06,mg/l,,
CHEM,Sweden,PC,SE14,IV,0176,BULK,PC,150,201808,1,MN,DB,,PLM,0.0033,µg/l,,
CHEM,Sweden,PC,SE14,IV,0176,BULK,PC,150,201808,1,MO,DB,,PLM,0.01,µg/l,,
CHEM,Sweden,PC,SE14,IV,0176,BULK,PC,150,201808,1,,DB,,AAF,0.248,mg/l,,
CHEM,Sweden,PC,SE14,IV,0176,BULK,PC,150,201808,1,NH4N,DB,,SP,0.493,mg/l,,
CHEM,Sweden,PC,SE14,IV,0176,BULK,PC,150,201808,1,NI,DB,,PLM,0.134,µg/l,,
CHEM,Sweden,PC,SE14,IV,0176,BULK,PC,150,201808,1,NO3N,DB,,IC,0.291,mg/l,,
CHEM,Sweden,PC,SE14,IV,0176,BULK,PC,150,201808,1,NTOT,DB,,IC,0.981,mg/l,,
CHEM,Sweden,PC,SE14,IV,0176,BULK,PC,150,201808,1,PB,DB,,PLM,0.494,µg/l,,
CHEM,Sweden,PC,SE14,IV,0176,BULK,PC,150,201808,1,PH,DB,,TIE,4.9,,,
CHEM,Sweden,PC,SE14,IV,0176,BULK,PC,150,201808,1,PREC,DB,,,84.3895,mm,,
CHEM,Sweden,PC,SE14,IV,0176,BULK,PC,150,201808,1,PTOT,DB,,SP,0.0015,mg/l,,
CHEM,Sweden,PC,SE14,IV,0176,BULK,PC,150,201808,1,SE,DB,,PLM,0.1,µg/l,,
CHEM,Sweden,PC,SE14,IV,0176,BULK,PC,150,201808,1,SO4S,DB,,IC,0.236,mg/l,,
CHEM,Sweden,PC,SE14,IV,0176,BULK,PC,150,201808,1,V,DB,,PLM,0.156,µg/l,,
CHEM,Sweden,PC,SE14,IV,0176,BULK,PC,150,201808,1,ZN,DB,,PLM,4.6,µg/l,,
CHEM,Sweden,PC,SE14,IV,0176,BULK,PC,150,201809,1,AL,DB,,PLM,0.0238,µg/l,,
CHEM,Sweden,PC,SE14,IV,0176,BULK,PC,150,201809,1,AS,DB,,PLM,0.102,µg/l,,
CHEM,Sweden,PC,SE14,IV,0176,BULK,PC,150,201809,1,CA,DB,,AAF,0.282,mg/l,,
CHEM,Sweden,PC,SE14,IV,0176,BULK,PC,150,201809,1,CD,DB,,PLM,0.0262,µg/l,,
CHEM,Sweden,PC,SE14,IV,0176,BULK,PC,150,201809,1,CL,DB,,IC,3.117,mg/l,,
CHEM,Sweden,PC,SE14,IV,0176,BULK,PC,150,201809,1,CO,DB,,PLM,0.028,µg/l,,
CHEM,Sweden,PC,SE14,IV,0176,BULK,PC,150,201809,1,COND,DB,,CN,2.42,mS/m,,
CHEM,Sweden,PC,SE14,IV,0176,BULK,PC,150,201809,1,CR,DB,,PLM,0.118,µg/l,,
CHEM,Sweden,PC,SE14,IV,0176,BULK,PC,150,201809,1,CU,DB,,PLM,0.626,µg/l,,
CHEM,Sweden,PC,SE14,IV,0176,BULK,PC,150,201809,1,DOC,DB,,,7.239,mg/l,,
CHEM,Sweden,PC,SE14,IV,0176,BULK,PC,150,201809,1,FE,DB,,PLM,0.0182,µg/l,,
CHEM,Sweden,PC,SE14,IV,0176,BULK,PC,150,201809,1,HG,DB,,AFC,4.1871,µg/l,,
CHEM,Sweden,PC,SE14,IV,0176,BULK,PC,150,201809,1,HGM,DB,,AFC,100,ng/l,,
CHEM,Sweden,PC,SE14,IV,0176,BULK,PC,150,201809,1,K,DB,,AAF,0.104,mg/l,,
CHEM,Sweden,PC,SE14,IV,0176,BULK,PC,150,201809,1,MG,DB,,AAF,0.227,mg/l,,
CHEM,Sweden,PC,SE14,IV,0176,BULK,PC,150,201809,1,MN,DB,,PLM,0.0047,µg/l,,
CHEM,Sweden,PC,SE14,IV,0176,BULK,PC,150,201809,1,MO,DB,,PLM,0.01,µg/l,,
CHEM,Sweden,PC,SE14,IV,0176,BULK,PC,150,201809,1,,DB,,AAF,1.619,mg/l,,
CHEM,Sweden,PC,SE14,IV,0176,BULK,PC,150,201809,1,NH4N,DB,,SP,0.385,mg/l,,
CHEM,Sweden,PC,SE14,IV,0176,BULK,PC,150,201809,1,NI,DB,,PLM,0.146,µg/l,,
CHEM,Sweden,PC,SE14,IV,0176,BULK,PC,150,201809,1,NO3N,DB,,IC,0.298,mg/l,,
CHEM,Sweden,PC,SE14,IV,0176,BULK,PC,150,201809,1,NTOT,DB,,IC,0.787,mg/l,,
CHEM,Sweden,PC,SE14,IV,0176,BULK,PC,150,201809,1,PB,DB,,PLM,0.538,µg/l,,
CHEM,Sweden,PC,SE14,IV,0176,BULK,PC,150,201809,1,PH,DB,,TIE,4.95,,,
CHEM,Sweden,PC,SE14,IV,0176,BULK,PC,150,201809,1,PREC,DB,,,36.9706,mm,,
CHEM,Sweden,PC,SE14,IV,0176,BULK,PC,150,201809,1,PTOT,DB,,SP,0.0015,mg/l,,
CHEM,Sweden,PC,SE14,IV,0176,BULK,PC,150,201809,1,SE,DB,,PLM,0.11,µg/l,,
CHEM,Sweden,PC,SE14,IV,0176,BULK,PC,150,201809,1,SO4S,DB,,IC,0.395,mg/l,,
CHEM,Sweden,PC,SE14,IV,0176,BULK,PC,150,201809,1,V,DB,,PLM,0.223,µg/l,,
CHEM,Sweden,PC,SE14,IV,0176,BULK,PC,150,201809,1,ZN,DB,,PLM,4.05,µg/l,,
CHEM,Sweden,PC,SE14,IV,0176,BULK,PC,150,201810,1,AL,DB,,PLM,0.0166,µg/l,,
CHEM,Sweden,PC,SE14,IV,0176,BULK,PC,150,201810,1,AS,DB,,PLM,0.044,µg/l,,
CHEM,Sweden,PC,SE14,IV,0176,BULK,PC,150,201810,1,CA,DB,,AAF,0.105,mg/l,,
CHEM,Sweden,PC,SE14,IV,0176,BULK,PC,150,201810,1,CD,DB,,PLM,0.0099,µg/l,,
CHEM,Sweden,PC,SE14,IV,0176,BULK,PC,150,201810,1,CL,DB,,IC,1.14,mg/l,,
CHEM,Sweden,PC,SE14,IV,0176,BULK,PC,150,201810,1,CO,DB,,PLM,0.013,µg/l,,
CHEM,Sweden,PC,SE14,IV,0176,BULK,PC,150,201810,1,COND,DB,,CN,1.18,mS/m,,
CHEM,Sweden,PC,SE14,IV,0176,BULK,PC,150,201810,1,CR,DB,,PLM,0.097,µg/l,,
CHEM,Sweden,PC,SE14,IV,0176,BULK,PC,150,201810,1,CU,DB,,PLM,0.391,µg/l,,
CHEM,Sweden,PC,SE14,IV,0176,BULK,PC,150,201810,1,DOC,DB,,,4.241,mg/l,,
CHEM,Sweden,PC,SE14,IV,0176,BULK,PC,150,201810,1,FE,DB,,PLM,0.0067,µg/l,,
CHEM,Sweden,PC,SE14,IV,0176,BULK,PC,150,201810,1,HG,DB,,AFC,2.3753,µg/l,,
CHEM,Sweden,PC,SE14,IV,0176,BULK,PC,150,201810,1,HGM,DB,,AFC,120,ng/l,,
CHEM,Sweden,PC,SE14,IV,0176,BULK,PC,150,201810,1,K,DB,,AAF,0.033,mg/l,,
CHEM,Sweden,PC,SE14,IV,0176,BULK,PC,150,201810,1,MG,DB,,AAF,0.087,mg/l,,
CHEM,Sweden,PC,SE14,IV,0176,BULK,PC,150,201810,1,MN,DB,,PLM,0.0018,µg/l,,
CHEM,Sweden,PC,SE14,IV,0176,BULK,PC,150,201810,1,,DB,,AAF,0.605,mg/l,,
CHEM,Sweden,PC,SE14,IV,0176,BULK,PC,150,201810,1,NH4N,DB,,SP,0.112,mg/l,,
CHEM,Sweden,PC,SE14,IV,0176,BULK,PC,150,201810,1,NI,DB,,PLM,0.103,µg/l,,
CHEM,Sweden,PC,SE14,IV,0176,BULK,PC,150,201810,1,NO3N,DB,,IC,0.16,mg/l,,
CHEM,Sweden,PC,SE14,IV,0176,BULK,PC,150,201810,1,NTOT,DB,,IC,0.39,mg/l,,
CHEM,Sweden,PC,SE14,IV,0176,BULK,PC,150,201810,1,PB,DB,,PLM,0.282,µg/l,,
CHEM,Sweden,PC,SE14,IV,0176,BULK,PC,150,201810,1,PH,DB,,TIE,5.14,,,
CHEM,Sweden,PC,SE14,IV,0176,BULK,PC,150,201810,1,PREC,DB,,,49.0263,mm,,
CHEM,Sweden,PC,SE14,IV,0176,BULK,PC,150,201810,1,PTOT,DB,,SP,0.0015,mg/l,,
CHEM,Sweden,PC,SE14,IV,0176,BULK,PC,150,201810,1,SE,DB,,PLM,0.06,µg/l,,
CHEM,Sweden,PC,SE14,IV,0176,BULK,PC,150,201810,1,SO4S,DB,,IC,0.139,mg/l,,
CHEM,Sweden,PC,SE14,IV,0176,BULK,PC,150,201810,1,V,DB,,PLM,0.089,µg/l,,
CHEM,Sweden,PC,SE14,IV,0176,BULK,PC,150,201810,1,ZN,DB,,PLM,2.3,µg/l,,
CHEM,Sweden,PC,SE14,IV,0176,BULK,PC,150,201811,1,AL,DB,,PLM,0.0258,µg/l,,
CHEM,Sweden,PC,SE14,IV,0176,BULK,PC,150,201811,1,AS,DB,,PLM,0.146,µg/l,,
CHEM,Sweden,PC,SE14,IV,0176,BULK,PC,150,201811,1,CA,DB,,AAF,0.172,mg/l,,
CHEM,Sweden,PC,SE14,IV,0176,BULK,PC,150,201811,1,CD,DB,,PLM,0.0434,µg/l,,
CHEM,Sweden,PC,SE14,IV,0176,BULK,PC,150,201811,1,CL,DB,,IC,1.061,mg/l,,
CHEM,Sweden,PC,SE14,IV,0176,BULK,PC,150,201811,1,CO,DB,,PLM,0.022,µg/l,,
CHEM,Sweden,PC,SE14,IV,0176,BULK,PC,150,201811,1,COND,DB,,CN,2.26,mS/m,,
CHEM,Sweden,PC,SE14,IV,0176,BULK,PC,150,201811,1,CR,DB,,PLM,0.111,µg/l,,
CHEM,Sweden,PC,SE14,IV,0176,BULK,PC,150,201811,1,CU,DB,,PLM,0.822,µg/l,,
CHEM,Sweden,PC,SE14,IV,0176,BULK,PC,150,201811,1,DOC,DB,,,7.465,mg/l,,
CHEM,Sweden,PC,SE14,IV,0176,BULK,PC,150,201811,1,FE,DB,,PLM,0.0108,µg/l,,
CHEM,Sweden,PC,SE14,IV,0176,BULK,PC,150,201811,1,HG,DB,,AFC,5.6632,µg/l,,
CHEM,Sweden,PC,SE14,IV,0176,BULK,PC,150,201811,1,HGM,DB,,AFC,147.8,ng/l,,
CHEM,Sweden,PC,SE14,IV,0176,BULK,PC,150,201811,1,K,DB,,AAF,0.045,mg/l,,
CHEM,Sweden,PC,SE14,IV,0176,BULK,PC,150,201811,1,MG,DB,,AAF,0.108,mg/l,,
CHEM,Sweden,PC,SE14,IV,0176,BULK,PC,150,201811,1,MN,DB,,PLM,0.0021,µg/l,,
CHEM,Sweden,PC,SE14,IV,0176,BULK,PC,150,201811,1,MO,DB,,PLM,0.02,µg/l,,
CHEM,Sweden,PC,SE14,IV,0176,BULK,PC,150,201811,1,,DB,,AAF,0.591,mg/l,,
CHEM,Sweden,PC,SE14,IV,0176,BULK,PC,150,201811,1,NH4N,DB,,SP,0.464,mg/l,,
CHEM,Sweden,PC,SE14,IV,0176,BULK,PC,150,201811,1,NI,DB,,PLM,0.2,µg/l,,
CHEM,Sweden,PC,SE14,IV,0176,BULK,PC,150,201811,1,NO3N,DB,,IC,0.531,mg/l,,
CHEM,Sweden,PC,SE14,IV,0176,BULK,PC,150,201811,1,NTOT,DB,,IC,1.158,mg/l,,
CHEM,Sweden,PC,SE14,IV,0176,BULK,PC,150,201811,1,PB,DB,,PLM,1.11,µg/l,,
CHEM,Sweden,PC,SE14,IV,0176,BULK,PC,150,201811,1,PH,DB,,TIE,4.48,,,
CHEM,Sweden,PC,SE14,IV,0176,BULK,PC,150,201811,1,PREC,DB,,,32.9521,mm,,
CHEM,Sweden,PC,SE14,IV,0176,BULK,PC,150,201811,1,PTOT,DB,,SP,0.0015,mg/l,,
CHEM,Sweden,PC,SE14,IV,0176,BULK,PC,150,201811,1,SE,DB,,PLM,0.19,µg/l,,
CHEM,Sweden,PC,SE14,IV,0176,BULK,PC,150,201811,1,SO4S,DB,,IC,0.438,mg/l,,
CHEM,Sweden,PC,SE14,IV,0176,BULK,PC,150,201811,1,V,DB,,PLM,0.185,µg/l,,
CHEM,Sweden,PC,SE14,IV,0176,BULK,PC,150,201811,1,ZN,DB,,PLM,7.31,µg/l,,
CHEM,Sweden,PC,SE14,IV,0176,BULK,PC,150,201812,1,AL,DB,,PLM,0.009,µg/l,,
CHEM,Sweden,PC,SE14,IV,0176,BULK,PC,150,201812,1,AS,DB,,PLM,0.04,µg/l,,
CHEM,Sweden,PC,SE14,IV,0176,BULK,PC,150,201812,1,CA,DB,,AAF,0.049,mg/l,,
CHEM,Sweden,PC,SE14,IV,0176,BULK,PC,150,201812,1,CD,DB,,PLM,0.011,µg/l,,
CHEM,Sweden,PC,SE14,IV,0176,BULK,PC,150,201812,1,CL,DB,,IC,0.866,mg/l,,
CHEM,Sweden,PC,SE14,IV,0176,BULK,PC,150,201812,1,CO,DB,,PLM,0.004,µg/l,,
CHEM,Sweden,PC,SE14,IV,0176,BULK,PC,150,201812,1,COND,DB,,CN,1.28,mS/m,,
CHEM,Sweden,PC,SE14,IV,0176,BULK,PC,150,201812,1,CR,DB,,PLM,0.06,µg/l,,
CHEM,Sweden,PC,SE14,IV,0176,BULK,PC,150,201812,1,CU,DB,,PLM,0.37,µg/l,,
CHEM,Sweden,PC,SE14,IV,0176,BULK,PC,150,201812,1,DOC,DB,,,3.535,mg/l,,
CHEM,Sweden,PC,SE14,IV,0176,BULK,PC,150,201812,1,FE,DB,,PLM,0.008,µg/l,,
CHEM,Sweden,PC,SE14,IV,0176,BULK,PC,150,201812,1,HG,DB,,AFC,2.1043,µg/l,,
CHEM,Sweden,PC,SE14,IV,0176,BULK,PC,150,201812,1,HGM,DB,,AFC,120,ng/l,,
CHEM,Sweden,PC,SE14,IV,0176,BULK,PC,150,201812,1,K,DB,,AAF,0.031,mg/l,,
CHEM,Sweden,PC,SE14,IV,0176,BULK,PC,150,201812,1,MG,DB,,AAF,0.062,mg/l,,
CHEM,Sweden,PC,SE14,IV,0176,BULK,PC,150,201812,1,MN,DB,,PLM,0.0024,µg/l,,
CHEM,Sweden,PC,SE14,IV,0176,BULK,PC,150,201812,1,MO,DB,,PLM,0.025,µg/l,,
CHEM,Sweden,PC,SE14,IV,0176,BULK,PC,150,201812,1,,DB,,AAF,0.464,mg/l,,
CHEM,Sweden,PC,SE14,IV,0176,BULK,PC,150,201812,1,NH4N,DB,,SP,0.131,mg/l,,
CHEM,Sweden,PC,SE14,IV,0176,BULK,PC,150,201812,1,NI,DB,,PLM,0.08,µg/l,,
CHEM,Sweden,PC,SE14,IV,0176,BULK,PC,150,201812,1,NO3N,DB,,IC,0.214,mg/l,,
CHEM,Sweden,PC,SE14,IV,0176,BULK,PC,150,201812,1,NTOT,DB,,IC,0.434,mg/l,,
CHEM,Sweden,PC,SE14,IV,0176,BULK,PC,150,201812,1,PB,DB,,PLM,0.24,µg/l,,
CHEM,Sweden,PC,SE14,IV,0176,BULK,PC,150,201812,1,PH,DB,,TIE,4.81,,,
CHEM,Sweden,PC,SE14,IV,0176,BULK,PC,150,201812,1,PREC,DB,,,40.9892,mm,,
CHEM,Sweden,PC,SE14,IV,0176,BULK,PC,150,201812,1,PTOT,DB,,SP,0.005,mg/l,,
CHEM,Sweden,PC,SE14,IV,0176,BULK,PC,150,201812,1,SE,DB,,PLM,0.04,µg/l,,
CHEM,Sweden,PC,SE14,IV,0176,BULK,PC,150,201812,1,SO4S,DB,,IC,0.156,mg/l,,
CHEM,Sweden,PC,SE14,IV,0176,BULK,PC,150,201812,1,V,DB,,PLM,0.08,µg/l,,
CHEM,Sweden,PC,SE14,IV,0176,BULK,PC,150,201812,1,ZN,DB,,PLM,2.9,µg/l,,
CHEM,Sweden,PC,SE14,IV,0176,BULK,PC,150,201901,1,AL,DB,,PLM,0.0092,µg/l,,
CHEM,Sweden,PC,SE14,IV,0176,BULK,PC,150,201901,1,AS,DB,,PLM,0.036,µg/l,,
CHEM,Sweden,PC,SE14,IV,0176,BULK,PC,150,201901,1,CA,DB,,AAF,0.058,mg/l,,
CHEM,Sweden,PC,SE14,IV,0176,BULK,PC,150,201901,1,CD,DB,,PLM,0.0106,µg/l,,
CHEM,Sweden,PC,SE14,IV,0176,BULK,PC,150,201901,1,CL,DB,,IC,0.916,mg/l,,
CHEM,Sweden,PC,SE14,IV,0176,BULK,PC,150,201901,1,CO,DB,,PLM,0.005,µg/l,,
CHEM,Sweden,PC,SE14,IV,0176,BULK,PC,150,201901,1,COND,DB,,CN,1.16,mS/m,,
CHEM,Sweden,PC,SE14,IV,0176,BULK,PC,150,201901,1,CR,DB,,PLM,0.06,µg/l,,
CHEM,Sweden,PC,SE14,IV,0176,BULK,PC,150,201901,1,CU,DB,,PLM,0.374,µg/l,,
CHEM,Sweden,PC,SE14,IV,0176,BULK,PC,150,201901,1,DOC,DB,,,4.098,mg/l,,
CHEM,Sweden,PC,SE14,IV,0176,BULK,PC,150,201901,1,FE,DB,,PLM,0.0084,µg/l,,
CHEM,Sweden,PC,SE14,IV,0176,BULK,PC,150,201901,1,HG,DB,,AFC,2.6195,µg/l,,
CHEM,Sweden,PC,SE14,IV,0176,BULK,PC,150,201901,1,HGM,DB,,AFC,150,ng/l,,
CHEM,Sweden,PC,SE14,IV,0176,BULK,PC,150,201901,1,K,DB,,AAF,0.061,mg/l,,
CHEM,Sweden,PC,SE14,IV,0176,BULK,PC,150,201901,1,MG,DB,,AAF,0.061,mg/l,,
CHEM,Sweden,PC,SE14,IV,0176,BULK,PC,150,201901,1,MN,DB,,PLM,0.0024,µg/l,,
CHEM,Sweden,PC,SE14,IV,0176,BULK,PC,150,201901,1,MO,DB,,PLM,0.02,µg/l,L,
CHEM,Sweden,PC,SE14,IV,0176,BULK,PC,150,201901,1,,DB,,AAF,0.518,mg/l,,
CHEM,Sweden,PC,SE14,IV,0176,BULK,PC,150,201901,1,NH4N,DB,,SP,0.119,mg/l,,
CHEM,Sweden,PC,SE14,IV,0176,BULK,PC,150,201901,1,NI,DB,,PLM,0.082,µg/l,,
CHEM,Sweden,PC,SE14,IV,0176,BULK,PC,150,201901,1,NO3N,DB,,IC,0.234,mg/l,,
CHEM,Sweden,PC,SE14,IV,0176,BULK,PC,150,201901,1,NTOT,DB,,IC,0.512,mg/l,,
CHEM,Sweden,PC,SE14,IV,0176,BULK,PC,150,201901,1,PB,DB,,PLM,0.242,µg/l,,
CHEM,Sweden,PC,SE14,IV,0176,BULK,PC,150,201901,1,PH,DB,,TIE,4.58,,,
CHEM,Sweden,PC,SE14,IV,0176,BULK,PC,150,201901,1,PREC,DB,,,41.7929,mm,,
CHEM,Sweden,PC,SE14,IV,0176,BULK,PC,150,201901,1,PTOT,DB,,SP,0.01,mg/l,L,
CHEM,Sweden,PC,SE14,IV,0176,BULK,PC,150,201901,1,SE,DB,,PLM,0.08,µg/l,,
CHEM,Sweden,PC,SE14,IV,0176,BULK,PC,150,201901,1,SO4S,DB,,IC,0.11,mg/l,,
CHEM,Sweden,PC,SE14,IV,0176,BULK,PC,150,201901,1,V,DB,,PLM,0.085,µg/l,,
CHEM,Sweden,PC,SE14,IV,0176,BULK,PC,150,201901,1,ZN,DB,,PLM,2.93,µg/l,,
CHEM,Sweden,PC,SE14,IV,0176,BULK,PC,150,201902,1,AL,DB,,PLM,0.0086,µg/l,,
CHEM,Sweden,PC,SE14,IV,0176,BULK,PC,150,201902,1,AS,DB,,PLM,0.041,µg/l,,
CHEM,Sweden,PC,SE14,IV,0176,BULK,PC,150,201902,1,CA,DB,,AAF,0.062,mg/l,,
CHEM,Sweden,PC,SE14,IV,0176,BULK,PC,150,201902,1,CD,DB,,PLM,0.0211,µg/l,,
CHEM,Sweden,PC,SE14,IV,0176,BULK,PC,150,201902,1,CL,DB,,IC,0.854,mg/l,,
CHEM,Sweden,PC,SE14,IV,0176,BULK,PC,150,201902,1,CO,DB,,PLM,0.0151,µg/l,,
CHEM,Sweden,PC,SE14,IV,0176,BULK,PC,150,201902,1,COND,DB,,CN,1.18,mS/m,,
CHEM,Sweden,PC,SE14,IV,0176,BULK,PC,150,201902,1,CR,DB,,PLM,0.066,µg/l,,
CHEM,Sweden,PC,SE14,IV,0176,BULK,PC,150,201902,1,CU,DB,,PLM,0.651,µg/l,,
CHEM,Sweden,PC,SE14,IV,0176,BULK,PC,150,201902,1,DOC,DB,,,1.937,mg/l,,
CHEM,Sweden,PC,SE14,IV,0176,BULK,PC,150,201902,1,FE,DB,,PLM,0.0074,µg/l,,
CHEM,Sweden,PC,SE14,IV,0176,BULK,PC,150,201902,1,HG,DB,,AFC,3.4272,µg/l,,
CHEM,Sweden,PC,SE14,IV,0176,BULK,PC,150,201902,1,HGM,DB,,AFC,283,ng/l,,
CHEM,Sweden,PC,SE14,IV,0176,BULK,PC,150,201902,1,K,DB,,AAF,0.232,mg/l,,
CHEM,Sweden,PC,SE14,IV,0176,BULK,PC,150,201902,1,MG,DB,,AAF,0.142,mg/l,,
CHEM,Sweden,PC,SE14,IV,0176,BULK,PC,150,201902,1,MN,DB,,PLM,0.0161,µg/l,,
CHEM,Sweden,PC,SE14,IV,0176,BULK,PC,150,201902,1,MO,DB,,PLM,0.02,µg/l,,
CHEM,Sweden,PC,SE14,IV,0176,BULK,PC,150,201902,1,,DB,,AAF,0.505,mg/l,,
CHEM,Sweden,PC,SE14,IV,0176,BULK,PC,150,201902,1,NH4N,DB,,SP,0.534,mg/l,,
CHEM,Sweden,PC,SE14,IV,0176,BULK,PC,150,201902,1,NI,DB,,PLM,0.13,µg/l,,
CHEM,Sweden,PC,SE14,IV,0176,BULK,PC,150,201902,1,NO3N,DB,,IC,0.287,mg/l,,
CHEM,Sweden,PC,SE14,IV,0176,BULK,PC,150,201902,1,NTOT,DB,,IC,1.501,mg/l,,
CHEM,Sweden,PC,SE14,IV,0176,BULK,PC,150,201902,1,PB,DB,,PLM,0.335,µg/l,,
CHEM,Sweden,PC,SE14,IV,0176,BULK,PC,150,201902,1,PH,DB,,TIE,5.78,,,
CHEM,Sweden,PC,SE14,IV,0176,BULK,PC,150,201902,1,PREC,DB,,,66.7079,mm,,
CHEM,Sweden,PC,SE14,IV,0176,BULK,PC,150,201902,1,PTOT,DB,,SP,0.211,mg/l,,
CHEM,Sweden,PC,SE14,IV,0176,BULK,PC,150,201902,1,SE,DB,,PLM,0.09,µg/l,,
CHEM,Sweden,PC,SE14,IV,0176,BULK,PC,150,201902,1,SO4S,DB,,IC,0.214,mg/l,,
CHEM,Sweden,PC,SE14,IV,0176,BULK,PC,150,201902,1,V,DB,,PLM,0.107,µg/l,,
CHEM,Sweden,PC,SE14,IV,0176,BULK,PC,150,201902,1,ZN,DB,,PLM,6.46,µg/l,,
CHEM,Sweden,PC,SE14,IV,0176,BULK,PC,150,201903,1,AL,DB,,PLM,0.0041,µg/l,,
CHEM,Sweden,PC,SE14,IV,0176,BULK,PC,150,201903,1,AS,DB,,PLM,0.033,µg/l,,
CHEM,Sweden,PC,SE14,IV,0176,BULK,PC,150,201903,1,CA,DB,,AAF,0.062,mg/l,,
CHEM,Sweden,PC,SE14,IV,0176,BULK,PC,150,201903,1,CD,DB,,PLM,0.0068,µg/l,,
CHEM,Sweden,PC,SE14,IV,0176,BULK,PC,150,201903,1,CL,DB,,IC,1.782,mg/l,,
CHEM,Sweden,PC,SE14,IV,0176,BULK,PC,150,201903,1,CO,DB,,PLM,0.004,µg/l,,
CHEM,Sweden,PC,SE14,IV,0176,BULK,PC,150,201903,1,COND,DB,,CN,1.46,mS/m,,
CHEM,Sweden,PC,SE14,IV,0176,BULK,PC,150,201903,1,CR,DB,,PLM,0.058,µg/l,,
CHEM,Sweden,PC,SE14,IV,0176,BULK,PC,150,201903,1,CU,DB,,PLM,0.207,µg/l,,
CHEM,Sweden,PC,SE14,IV,0176,BULK,PC,150,201903,1,DOC,DB,,,1.45,mg/l,,
CHEM,Sweden,PC,SE14,IV,0176,BULK,PC,150,201903,1,FE,DB,,PLM,0.002,µg/l,,
CHEM,Sweden,PC,SE14,IV,0176,BULK,PC,150,201903,1,HG,DB,,AFC,3.135,µg/l,,
CHEM,Sweden,PC,SE14,IV,0176,BULK,PC,150,201903,1,HGM,DB,,AFC,253,ng/l,,
CHEM,Sweden,PC,SE14,IV,0176,BULK,PC,150,201903,1,K,DB,,AAF,0.051,mg/l,,
CHEM,Sweden,PC,SE14,IV,0176,BULK,PC,150,201903,1,MG,DB,,AAF,0.115,mg/l,,
CHEM,Sweden,PC,SE14,IV,0176,BULK,PC,150,201903,1,MN,DB,,PLM,8e-4,µg/l,,
CHEM,Sweden,PC,SE14,IV,0176,BULK,PC,150,201903,1,MO,DB,,PLM,0.02,µg/l,L,
CHEM,Sweden,PC,SE14,IV,0176,BULK,PC,150,201903,1,,DB,,AAF,1.003,mg/l,,
CHEM,Sweden,PC,SE14,IV,0176,BULK,PC,150,201903,1,NH4N,DB,,SP,0.242,mg/l,,
CHEM,Sweden,PC,SE14,IV,0176,BULK,PC,150,201903,1,NI,DB,,PLM,0.068,µg/l,,
CHEM,Sweden,PC,SE14,IV,0176,BULK,PC,150,201903,1,NO3N,DB,,IC,0.294,mg/l,,
CHEM,Sweden,PC,SE14,IV,0176,BULK,PC,150,201903,1,NTOT,DB,,IC,0.686,mg/l,,
CHEM,Sweden,PC,SE14,IV,0176,BULK,PC,150,201903,1,PB,DB,,PLM,0.14,µg/l,,
CHEM,Sweden,PC,SE14,IV,0176,BULK,PC,150,201903,1,PH,DB,,TIE,5.09,,,
CHEM,Sweden,PC,SE14,IV,0176,BULK,PC,150,201903,1,PREC,DB,,,72.7357,mm,,
CHEM,Sweden,PC,SE14,IV,0176,BULK,PC,150,201903,1,PTOT,DB,,SP,0.01,mg/l,L,
CHEM,Sweden,PC,SE14,IV,0176,BULK,PC,150,201903,1,SE,DB,,PLM,0.07,µg/l,,
CHEM,Sweden,PC,SE14,IV,0176,BULK,PC,150,201903,1,SO4S,DB,,IC,0.171,mg/l,,
CHEM,Sweden,PC,SE14,IV,0176,BULK,PC,150,201903,1,V,DB,,PLM,0.068,µg/l,,
CHEM,Sweden,PC,SE14,IV,0176,BULK,PC,150,201903,1,ZN,DB,,PLM,1.96,µg/l,,
CHEM,Sweden,PC,SE14,IV,0176,BULK,PC,150,201904,1,CA,DB,,AAF,3.038,mg/l,,
CHEM,Sweden,PC,SE14,IV,0176,BULK,PC,150,201904,1,CL,DB,,IC,0.788,mg/l,,
CHEM,Sweden,PC,SE14,IV,0176,BULK,PC,150,201904,1,COND,DB,,CN,3.5,mS/m,,
CHEM,Sweden,PC,SE14,IV,0176,BULK,PC,150,201904,1,K,DB,,AAF,1.019,mg/l,,
CHEM,Sweden,PC,SE14,IV,0176,BULK,PC,150,201904,1,MG,DB,,AAF,0.457,mg/l,,
CHEM,Sweden,PC,SE14,IV,0176,BULK,PC,150,201904,1,,DB,,AAF,0.575,mg/l,,
CHEM,Sweden,PC,SE14,IV,0176,BULK,PC,150,201904,1,NH4N,DB,,SP,2.802,mg/l,,
CHEM,Sweden,PC,SE14,IV,0176,BULK,PC,150,201904,1,NO3N,DB,,IC,1.544,mg/l,,
CHEM,Sweden,PC,SE14,IV,0176,BULK,PC,150,201904,1,NTOT,DB,,IC,1.544,mg/l,,
CHEM,Sweden,PC,SE14,IV,0176,BULK,PC,150,201904,1,PH,DB,,TIE,6.6,,,
CHEM,Sweden,PC,SE14,IV,0176,BULK,PC,150,201904,1,PREC,DB,,,1.085,mm,,
CHEM,Sweden,PC,SE14,IV,0176,BULK,PC,150,201904,1,PTOT,DB,,SP,0.067,mg/l,,
CHEM,Sweden,PC,SE14,IV,0176,BULK,PC,150,201904,1,SO4S,DB,,IC,1.404,mg/l,,
CHEM,Sweden,PC,SE14,IV,0176,BULK,PC,150,201905,1,AL,DB,,PLM,0.0223,µg/l,,
CHEM,Sweden,PC,SE14,IV,0176,BULK,PC,150,201905,1,AS,DB,,PLM,0.08,µg/l,,
CHEM,Sweden,PC,SE14,IV,0176,BULK,PC,150,201905,1,CA,DB,,AAF,0.201,mg/l,,
CHEM,Sweden,PC,SE14,IV,0176,BULK,PC,150,201905,1,CD,DB,,PLM,0.0255,µg/l,,
CHEM,Sweden,PC,SE14,IV,0176,BULK,PC,150,201905,1,CL,DB,,IC,0.791,mg/l,,
CHEM,Sweden,PC,SE14,IV,0176,BULK,PC,150,201905,1,CO,DB,,PLM,0.0146,µg/l,,
CHEM,Sweden,PC,SE14,IV,0176,BULK,PC,150,201905,1,COND,DB,,CN,2.23,mS/m,,
CHEM,Sweden,PC,SE14,IV,0176,BULK,PC,150,201905,1,CR,DB,,PLM,0.195,µg/l,,
CHEM,Sweden,PC,SE14,IV,0176,BULK,PC,150,201905,1,CU,DB,,PLM,1.04,µg/l,,
CHEM,Sweden,PC,SE14,IV,0176,BULK,PC,150,201905,1,DOC,DB,,,8.21,mg/l,,
CHEM,Sweden,PC,SE14,IV,0176,BULK,PC,150,201905,1,FE,DB,,PLM,0.0104,µg/l,,
CHEM,Sweden,PC,SE14,IV,0176,BULK,PC,150,201905,1,HG,DB,,AFC,8.4427,µg/l,,
CHEM,Sweden,PC,SE14,IV,0176,BULK,PC,150,201905,1,HGM,DB,,AFC,310,ng/l,,
CHEM,Sweden,PC,SE14,IV,0176,BULK,PC,150,201905,1,K,DB,,AAF,1.147,mg/l,,
CHEM,Sweden,PC,SE14,IV,0176,BULK,PC,150,201905,1,MG,DB,,AAF,0.148,mg/l,,
CHEM,Sweden,PC,SE14,IV,0176,BULK,PC,150,201905,1,MN,DB,,PLM,0.0062,µg/l,,
CHEM,Sweden,PC,SE14,IV,0176,BULK,PC,150,201905,1,MO,DB,,PLM,0.03,µg/l,,
CHEM,Sweden,PC,SE14,IV,0176,BULK,PC,150,201905,1,,DB,,AAF,0.52,mg/l,,
CHEM,Sweden,PC,SE14,IV,0176,BULK,PC,150,201905,1,NH4N,DB,,SP,1.3605,mg/l,,
CHEM,Sweden,PC,SE14,IV,0176,BULK,PC,150,201905,1,NI,DB,,PLM,0.209,µg/l,,
CHEM,Sweden,PC,SE14,IV,0176,BULK,PC,150,201905,1,NO3N,DB,,IC,0.375,mg/l,,
CHEM,Sweden,PC,SE14,IV,0176,BULK,PC,150,201905,1,NTOT,DB,,IC,2.095,mg/l,,
CHEM,Sweden,PC,SE14,IV,0176,BULK,PC,150,201905,1,PB,DB,,PLM,0.46,µg/l,,
CHEM,Sweden,PC,SE14,IV,0176,BULK,PC,150,201905,1,PH,DB,,TIE,6.53,,,
CHEM,Sweden,PC,SE14,IV,0176,BULK,PC,150,201905,1,PREC,DB,,,48.2226,mm,,
CHEM,Sweden,PC,SE14,IV,0176,BULK,PC,150,201905,1,PTOT,DB,,SP,0.143,mg/l,,
CHEM,Sweden,PC,SE14,IV,0176,BULK,PC,150,201905,1,SE,DB,,PLM,0.16,µg/l,,
CHEM,Sweden,PC,SE14,IV,0176,BULK,PC,150,201905,1,SO4S,DB,,IC,0.418,mg/l,,
CHEM,Sweden,PC,SE14,IV,0176,BULK,PC,150,201905,1,V,DB,,PLM,0.181,µg/l,,
CHEM,Sweden,PC,SE14,IV,0176,BULK,PC,150,201905,1,ZN,DB,,PLM,6.32,µg/l,,
CHEM,Sweden,PC,SE14,IV,0176,BULK,PC,150,201906,1,AL,DB,,PLM,0.0213,µg/l,,
CHEM,Sweden,PC,SE14,IV,0176,BULK,PC,150,201906,1,AS,DB,,PLM,0.113,µg/l,,
CHEM,Sweden,PC,SE14,IV,0176,BULK,PC,150,201906,1,CA,DB,,AAF,0.939,mg/l,,
CHEM,Sweden,PC,SE14,IV,0176,BULK,PC,150,201906,1,CD,DB,,PLM,0.0246,µg/l,,
CHEM,Sweden,PC,SE14,IV,0176,BULK,PC,150,201906,1,CL,DB,,IC,0.363,mg/l,,
CHEM,Sweden,PC,SE14,IV,0176,BULK,PC,150,201906,1,CO,DB,,PLM,0.0389,µg/l,,
CHEM,Sweden,PC,SE14,IV,0176,BULK,PC,150,201906,1,COND,DB,,CN,1.77,mS/m,,
CHEM,Sweden,PC,SE14,IV,0176,BULK,PC,150,201906,1,CR,DB,,PLM,0.06,µg/l,,
CHEM,Sweden,PC,SE14,IV,0176,BULK,PC,150,201906,1,CU,DB,,PLM,0.5,µg/l,,
CHEM,Sweden,PC,SE14,IV,0176,BULK,PC,150,201906,1,DOC,DB,,,9.377,mg/l,,
CHEM,Sweden,PC,SE14,IV,0176,BULK,PC,150,201906,1,FE,DB,,PLM,0.0171,µg/l,,
CHEM,Sweden,PC,SE14,IV,0176,BULK,PC,150,201906,1,HG,DB,,AFC,12.0078,µg/l,,
CHEM,Sweden,PC,SE14,IV,0176,BULK,PC,150,201906,1,HGM,DB,,AFC,60,ng/l,L,
CHEM,Sweden,PC,SE14,IV,0176,BULK,PC,150,201906,1,K,DB,,AAF,0.128,mg/l,,
CHEM,Sweden,PC,SE14,IV,0176,BULK,PC,150,201906,1,MG,DB,,AAF,0.106,mg/l,,
CHEM,Sweden,PC,SE14,IV,0176,BULK,PC,150,201906,1,MN,DB,,PLM,0.0051,µg/l,,
CHEM,Sweden,PC,SE14,IV,0176,BULK,PC,150,201906,1,MO,DB,,PLM,0.02,µg/l,,
CHEM,Sweden,PC,SE14,IV,0176,BULK,PC,150,201906,1,,DB,,AAF,0.214,mg/l,,
CHEM,Sweden,PC,SE14,IV,0176,BULK,PC,150,201906,1,NH4N,DB,,SP,0.7496,mg/l,,
CHEM,Sweden,PC,SE14,IV,0176,BULK,PC,150,201906,1,NI,DB,,PLM,0.091,µg/l,,
CHEM,Sweden,PC,SE14,IV,0176,BULK,PC,150,201906,1,NO3N,DB,,IC,0.517,mg/l,,
CHEM,Sweden,PC,SE14,IV,0176,BULK,PC,150,201906,1,NTOT,DB,,IC,1.563,mg/l,,
CHEM,Sweden,PC,SE14,IV,0176,BULK,PC,150,201906,1,PB,DB,,PLM,0.419,µg/l,,
CHEM,Sweden,PC,SE14,IV,0176,BULK,PC,150,201906,1,PH,DB,,TIE,5.62,,,
CHEM,Sweden,PC,SE14,IV,0176,BULK,PC,150,201906,1,PREC,DB,,,20.0927,mm,,
CHEM,Sweden,PC,SE14,IV,0176,BULK,PC,150,201906,1,PTOT,DB,,SP,0.01,mg/l,L,
CHEM,Sweden,PC,SE14,IV,0176,BULK,PC,150,201906,1,SE,DB,,PLM,0.17,µg/l,,
CHEM,Sweden,PC,SE14,IV,0176,BULK,PC,150,201906,1,SO4S,DB,,IC,0.625,mg/l,,
CHEM,Sweden,PC,SE14,IV,0176,BULK,PC,150,201906,1,V,DB,,PLM,0.245,µg/l,,
CHEM,Sweden,PC,SE14,IV,0176,BULK,PC,150,201906,1,ZN,DB,,PLM,2.56,µg/l,,
CHEM,Sweden,PC,SE14,IV,0176,BULK,PC,150,201907,1,AL,DB,,PLM,0.0198,µg/l,,
CHEM,Sweden,PC,SE14,IV,0176,BULK,PC,150,201907,1,AS,DB,,PLM,0.056,µg/l,,
CHEM,Sweden,PC,SE14,IV,0176,BULK,PC,150,201907,1,CA,DB,,AAF,0.165,mg/l,,
CHEM,Sweden,PC,SE14,IV,0176,BULK,PC,150,201907,1,CD,DB,,PLM,0.016,µg/l,,
CHEM,Sweden,PC,SE14,IV,0176,BULK,PC,150,201907,1,CL,DB,,IC,0.907,mg/l,,
CHEM,Sweden,PC,SE14,IV,0176,BULK,PC,150,201907,1,CO,DB,,PLM,0.0143,µg/l,,
CHEM,Sweden,PC,SE14,IV,0176,BULK,PC,150,201907,1,COND,DB,,CN,1.63,mS/m,,
CHEM,Sweden,PC,SE14,IV,0176,BULK,PC,150,201907,1,CR,DB,,PLM,0.136,µg/l,,
CHEM,Sweden,PC,SE14,IV,0176,BULK,PC,150,201907,1,CU,DB,,PLM,0.724,µg/l,,
CHEM,Sweden,PC,SE14,IV,0176,BULK,PC,150,201907,1,DOC,DB,,,12.21,mg/l,,
CHEM,Sweden,PC,SE14,IV,0176,BULK,PC,150,201907,1,FE,DB,,PLM,0.008,µg/l,,
CHEM,Sweden,PC,SE14,IV,0176,BULK,PC,150,201907,1,HG,DB,,AFC,8.5,µg/l,,
CHEM,Sweden,PC,SE14,IV,0176,BULK,PC,150,201907,1,HGM,DB,,AFC,650,ng/l,,
CHEM,Sweden,PC,SE14,IV,0176,BULK,PC,150,201907,1,K,DB,,AAF,0.288,mg/l,,
CHEM,Sweden,PC,SE14,IV,0176,BULK,PC,150,201907,1,MG,DB,,AAF,0.093,mg/l,,
CHEM,Sweden,PC,SE14,IV,0176,BULK,PC,150,201907,1,MN,DB,,PLM,0.0032,µg/l,,
CHEM,Sweden,PC,SE14,IV,0176,BULK,PC,150,201907,1,MO,DB,,PLM,0.02,µg/l,,
CHEM,Sweden,PC,SE14,IV,0176,BULK,PC,150,201907,1,,DB,,AAF,0.6,mg/l,,
CHEM,Sweden,PC,SE14,IV,0176,BULK,PC,150,201907,1,NH4N,DB,,SP,1.157,mg/l,,
CHEM,Sweden,PC,SE14,IV,0176,BULK,PC,150,201907,1,NI,DB,,PLM,0.155,µg/l,,
CHEM,Sweden,PC,SE14,IV,0176,BULK,PC,150,201907,1,NO3N,DB,,IC,0.119,mg/l,,
CHEM,Sweden,PC,SE14,IV,0176,BULK,PC,150,201907,1,NTOT,DB,,IC,1.497,mg/l,,
CHEM,Sweden,PC,SE14,IV,0176,BULK,PC,150,201907,1,PB,DB,,PLM,0.253,µg/l,,
CHEM,Sweden,PC,SE14,IV,0176,BULK,PC,150,201907,1,PH,DB,,TIE,6.11,,,
CHEM,Sweden,PC,SE14,IV,0176,BULK,PC,150,201907,1,PREC,DB,,,32.1484,mm,,
CHEM,Sweden,PC,SE14,IV,0176,BULK,PC,150,201907,1,PTOT,DB,,SP,0.07,mg/l,,
CHEM,Sweden,PC,SE14,IV,0176,BULK,PC,150,201907,1,SE,DB,,PLM,0.1,µg/l,,
CHEM,Sweden,PC,SE14,IV,0176,BULK,PC,150,201907,1,SO4S,DB,,IC,0.33,mg/l,,
CHEM,Sweden,PC,SE14,IV,0176,BULK,PC,150,201907,1,V,DB,,PLM,0.123,µg/l,,
CHEM,Sweden,PC,SE14,IV,0176,BULK,PC,150,201907,1,ZN,DB,,PLM,4.17,µg/l,,
CHEM,Sweden,PC,SE14,IV,0176,BULK,PC,150,201908,1,AL,DB,,PLM,0.0192,µg/l,,
CHEM,Sweden,PC,SE14,IV,0176,BULK,PC,150,201908,1,AS,DB,,PLM,0.09,µg/l,,
CHEM,Sweden,PC,SE14,IV,0176,BULK,PC,150,201908,1,CA,DB,,AAF,0.1359,mg/l,,
CHEM,Sweden,PC,SE14,IV,0176,BULK,PC,150,201908,1,CD,DB,,PLM,0.0174,µg/l,,
CHEM,Sweden,PC,SE14,IV,0176,BULK,PC,150,201908,1,CL,DB,,IC,0.4746,mg/l,,
CHEM,Sweden,PC,SE14,IV,0176,BULK,PC,150,201908,1,CO,DB,,PLM,0.0161,µg/l,,
CHEM,Sweden,PC,SE14,IV,0176,BULK,PC,150,201908,1,COND,DB,,CN,1.25,mS/m,,
CHEM,Sweden,PC,SE14,IV,0176,BULK,PC,150,201908,1,CR,DB,,PLM,0.119,µg/l,,
CHEM,Sweden,PC,SE14,IV,0176,BULK,PC,150,201908,1,CU,DB,,PLM,0.54,µg/l,,
CHEM,Sweden,PC,SE14,IV,0176,BULK,PC,150,201908,1,DOC,DB,,,6.8814,mg/l,,
CHEM,Sweden,PC,SE14,IV,0176,BULK,PC,150,201908,1,FE,DB,,PLM,0.0168,µg/l,,
CHEM,Sweden,PC,SE14,IV,0176,BULK,PC,150,201908,1,HG,DB,,AFC,4.4,µg/l,,
CHEM,Sweden,PC,SE14,IV,0176,BULK,PC,150,201908,1,HGM,DB,,AFC,360,ng/l,,
CHEM,Sweden,PC,SE14,IV,0176,BULK,PC,150,201908,1,K,DB,,AAF,0.1012,mg/l,,
CHEM,Sweden,PC,SE14,IV,0176,BULK,PC,150,201908,1,MG,DB,,AAF,0.0531,mg/l,,
CHEM,Sweden,PC,SE14,IV,0176,BULK,PC,150,201908,1,MN,DB,,PLM,0.0025,µg/l,,
CHEM,Sweden,PC,SE14,IV,0176,BULK,PC,150,201908,1,MO,DB,,PLM,0.02,µg/l,L,
CHEM,Sweden,PC,SE14,IV,0176,BULK,PC,150,201908,1,,DB,,AAF,0.2931,mg/l,,
CHEM,Sweden,PC,SE14,IV,0176,BULK,PC,150,201908,1,NH4N,DB,,SP,0.4339,mg/l,,
CHEM,Sweden,PC,SE14,IV,0176,BULK,PC,150,201908,1,NI,DB,,PLM,0.149,µg/l,,
CHEM,Sweden,PC,SE14,IV,0176,BULK,PC,150,201908,1,NO3N,DB,,IC,0.2153,mg/l,,
CHEM,Sweden,PC,SE14,IV,0176,BULK,PC,150,201908,1,NTOT,DB,,IC,0.8353,mg/l,,
CHEM,Sweden,PC,SE14,IV,0176,BULK,PC,150,201908,1,PB,DB,,PLM,0.444,µg/l,,
CHEM,Sweden,PC,SE14,IV,0176,BULK,PC,150,201908,1,PH,DB,,TIE,5.09,,,
CHEM,Sweden,PC,SE14,IV,0176,BULK,PC,150,201908,1,PREC,DB,,,112.519,mm,,
CHEM,Sweden,PC,SE14,IV,0176,BULK,PC,150,201908,1,PTOT,DB,,SP,0.01,mg/l,L,
CHEM,Sweden,PC,SE14,IV,0176,BULK,PC,150,201908,1,SE,DB,,PLM,0.12,µg/l,,
CHEM,Sweden,PC,SE14,IV,0176,BULK,PC,150,201908,1,SO4S,DB,,IC,0.3282,mg/l,,
CHEM,Sweden,PC,SE14,IV,0176,BULK,PC,150,201908,1,V,DB,,PLM,0.146,µg/l,,
CHEM,Sweden,PC,SE14,IV,0176,BULK,PC,150,201908,1,ZN,DB,,PLM,2.92,µg/l,,
CHEM,Sweden,PC,SE14,IV,0176,BULK,PC,150,201909,1,AL,DB,,PLM,0.0086,µg/l,,
CHEM,Sweden,PC,SE14,IV,0176,BULK,PC,150,201909,1,AS,DB,,PLM,0.051,µg/l,,
CHEM,Sweden,PC,SE14,IV,0176,BULK,PC,150,201909,1,CA,DB,,AAF,0.0933,mg/l,,
CHEM,Sweden,PC,SE14,IV,0176,BULK,PC,150,201909,1,CD,DB,,PLM,0.0134,µg/l,,
CHEM,Sweden,PC,SE14,IV,0176,BULK,PC,150,201909,1,CL,DB,,IC,1.2378,mg/l,,
CHEM,Sweden,PC,SE14,IV,0176,BULK,PC,150,201909,1,CO,DB,,PLM,0.01,µg/l,,
CHEM,Sweden,PC,SE14,IV,0176,BULK,PC,150,201909,1,COND,DB,,CN,1.33,mS/m,,
CHEM,Sweden,PC,SE14,IV,0176,BULK,PC,150,201909,1,CR,DB,,PLM,0.065,µg/l,,
CHEM,Sweden,PC,SE14,IV,0176,BULK,PC,150,201909,1,CU,DB,,PLM,0.362,µg/l,,
CHEM,Sweden,PC,SE14,IV,0176,BULK,PC,150,201909,1,DOC,DB,,,4.694,mg/l,,
CHEM,Sweden,PC,SE14,IV,0176,BULK,PC,150,201909,1,FE,DB,,PLM,0.0069,µg/l,,
CHEM,Sweden,PC,SE14,IV,0176,BULK,PC,150,201909,1,HG,DB,,AFC,3.3,µg/l,,
CHEM,Sweden,PC,SE14,IV,0176,BULK,PC,150,201909,1,HGM,DB,,AFC,70,ng/l,,
CHEM,Sweden,PC,SE14,IV,0176,BULK,PC,150,201909,1,K,DB,,AAF,0.0435,mg/l,,
CHEM,Sweden,PC,SE14,IV,0176,BULK,PC,150,201909,1,MG,DB,,AAF,0.087,mg/l,,
CHEM,Sweden,PC,SE14,IV,0176,BULK,PC,150,201909,1,MN,DB,,PLM,0.0017,µg/l,,
CHEM,Sweden,PC,SE14,IV,0176,BULK,PC,150,201909,1,MO,DB,,PLM,0.02,µg/l,L,
CHEM,Sweden,PC,SE14,IV,0176,BULK,PC,150,201909,1,,DB,,AAF,0.7096,mg/l,,
CHEM,Sweden,PC,SE14,IV,0176,BULK,PC,150,201909,1,NH4N,DB,,SP,0.1976,mg/l,,
CHEM,Sweden,PC,SE14,IV,0176,BULK,PC,150,201909,1,NI,DB,,PLM,0.066,µg/l,,
CHEM,Sweden,PC,SE14,IV,0176,BULK,PC,150,201909,1,NO3N,DB,,IC,0.1598,mg/l,,
CHEM,Sweden,PC,SE14,IV,0176,BULK,PC,150,201909,1,NTOT,DB,,IC,0.4171,mg/l,,
CHEM,Sweden,PC,SE14,IV,0176,BULK,PC,150,201909,1,PB,DB,,PLM,0.248,µg/l,,
CHEM,Sweden,PC,SE14,IV,0176,BULK,PC,150,201909,1,PH,DB,,TIE,5.04,,,
CHEM,Sweden,PC,SE14,IV,0176,BULK,PC,150,201909,1,PREC,DB,,,48.2226,mm,,
CHEM,Sweden,PC,SE14,IV,0176,BULK,PC,150,201909,1,PTOT,DB,,SP,0.01,mg/l,L,
CHEM,Sweden,PC,SE14,IV,0176,BULK,PC,150,201909,1,SE,DB,,PLM,0.1,µg/l,,
CHEM,Sweden,PC,SE14,IV,0176,BULK,PC,150,201909,1,SO4S,DB,,IC,0.2165,mg/l,,
CHEM,Sweden,PC,SE14,IV,0176,BULK,PC,150,201909,1,V,DB,,PLM,0.097,µg/l,,
CHEM,Sweden,PC,SE14,IV,0176,BULK,PC,150,201909,1,ZN,DB,,PLM,1.75,µg/l,,
CHEM,Sweden,PC,SE14,IV,0176,BULK,PC,150,201910,1,AL,DB,,PLM,0.0064,µg/l,,
CHEM,Sweden,PC,SE14,IV,0176,BULK,PC,150,201910,1,AS,DB,,PLM,0.033,µg/l,,
CHEM,Sweden,PC,SE14,IV,0176,BULK,PC,150,201910,1,CA,DB,,AAF,0.0495,mg/l,,
CHEM,Sweden,PC,SE14,IV,0176,BULK,PC,150,201910,1,CD,DB,,PLM,0.0089,µg/l,,
CHEM,Sweden,PC,SE14,IV,0176,BULK,PC,150,201910,1,CL,DB,,IC,0.6613,mg/l,,
CHEM,Sweden,PC,SE14,IV,0176,BULK,PC,150,201910,1,CO,DB,,PLM,0.004,µg/l,,
CHEM,Sweden,PC,SE14,IV,0176,BULK,PC,150,201910,1,COND,DB,,CN,0.95,mS/m,,
CHEM,Sweden,PC,SE14,IV,0176,BULK,PC,150,201910,1,CR,DB,,PLM,0.048,µg/l,,
CHEM,Sweden,PC,SE14,IV,0176,BULK,PC,150,201910,1,CU,DB,,PLM,0.256,µg/l,,
CHEM,Sweden,PC,SE14,IV,0176,BULK,PC,150,201910,1,DOC,DB,,,2.4351,mg/l,,
CHEM,Sweden,PC,SE14,IV,0176,BULK,PC,150,201910,1,FE,DB,,PLM,0.0042,µg/l,,
CHEM,Sweden,PC,SE14,IV,0176,BULK,PC,150,201910,1,HG,DB,,AFC,2.8,µg/l,,
CHEM,Sweden,PC,SE14,IV,0176,BULK,PC,150,201910,1,HGM,DB,,AFC,60,ng/l,L,
CHEM,Sweden,PC,SE14,IV,0176,BULK,PC,150,201910,1,K,DB,,AAF,0.0276,mg/l,,
CHEM,Sweden,PC,SE14,IV,0176,BULK,PC,150,201910,1,MG,DB,,AAF,0.0525,mg/l,,
CHEM,Sweden,PC,SE14,IV,0176,BULK,PC,150,201910,1,MN,DB,,PLM,0.0016,µg/l,,
CHEM,Sweden,PC,SE14,IV,0176,BULK,PC,150,201910,1,MO,DB,,PLM,0.02,µg/l,L,
CHEM,Sweden,PC,SE14,IV,0176,BULK,PC,150,201910,1,,DB,,AAF,0.3459,mg/l,,
CHEM,Sweden,PC,SE14,IV,0176,BULK,PC,150,201910,1,NH4N,DB,,SP,0.1245,mg/l,,
CHEM,Sweden,PC,SE14,IV,0176,BULK,PC,150,201910,1,NI,DB,,PLM,0.164,µg/l,,
CHEM,Sweden,PC,SE14,IV,0176,BULK,PC,150,201910,1,NO3N,DB,,IC,0.1684,mg/l,,
CHEM,Sweden,PC,SE14,IV,0176,BULK,PC,150,201910,1,NTOT,DB,,IC,0.2684,mg/l,,
CHEM,Sweden,PC,SE14,IV,0176,BULK,PC,150,201910,1,PB,DB,,PLM,0.25,µg/l,,
CHEM,Sweden,PC,SE14,IV,0176,BULK,PC,150,201910,1,PH,DB,,TIE,4.98,,,
CHEM,Sweden,PC,SE14,IV,0176,BULK,PC,150,201910,1,PREC,DB,,,110.108,mm,,
CHEM,Sweden,PC,SE14,IV,0176,BULK,PC,150,201910,1,PTOT,DB,,SP,0.01,mg/l,L,
CHEM,Sweden,PC,SE14,IV,0176,BULK,PC,150,201910,1,SE,DB,,PLM,0.06,µg/l,,
CHEM,Sweden,PC,SE14,IV,0176,BULK,PC,150,201910,1,SO4S,DB,,IC,0.1265,mg/l,,
CHEM,Sweden,PC,SE14,IV,0176,BULK,PC,150,201910,1,V,DB,,PLM,0.079,µg/l,,
CHEM,Sweden,PC,SE14,IV,0176,BULK,PC,150,201910,1,ZN,DB,,PLM,1.94,µg/l,,
CHEM,Sweden,PC,SE14,IV,0176,BULK,PC,150,201911,1,AL,DB,,PLM,0.0064,µg/l,,
CHEM,Sweden,PC,SE14,IV,0176,BULK,PC,150,201911,1,AS,DB,,PLM,0.087,µg/l,,
CHEM,Sweden,PC,SE14,IV,0176,BULK,PC,150,201911,1,CA,DB,,AAF,0.065,mg/l,,
CHEM,Sweden,PC,SE14,IV,0176,BULK,PC,150,201911,1,CD,DB,,PLM,0.0285,µg/l,,
CHEM,Sweden,PC,SE14,IV,0176,BULK,PC,150,201911,1,CL,DB,,IC,0.21560000000000001,mg/l,,
CHEM,Sweden,PC,SE14,IV,0176,BULK,PC,150,201911,1,CO,DB,,PLM,0.006,µg/l,,
CHEM,Sweden,PC,SE14,IV,0176,BULK,PC,150,201911,1,COND,DB,,CN,0.87,mS/m,,
CHEM,Sweden,PC,SE14,IV,0176,BULK,PC,150,201911,1,CR,DB,,PLM,0.073,µg/l,,
CHEM,Sweden,PC,SE14,IV,0176,BULK,PC,150,201911,1,CU,DB,,PLM,0.776,µg/l,,
CHEM,Sweden,PC,SE14,IV,0176,BULK,PC,150,201911,1,DOC,DB,,,1.0095,mg/l,,
CHEM,Sweden,PC,SE14,IV,0176,BULK,PC,150,201911,1,FE,DB,,PLM,0.008,µg/l,,
CHEM,Sweden,PC,SE14,IV,0176,BULK,PC,150,201911,1,HG,DB,,AFC,1.9,µg/l,,
CHEM,Sweden,PC,SE14,IV,0176,BULK,PC,150,201911,1,HGM,DB,,AFC,60,ng/l,L,
CHEM,Sweden,PC,SE14,IV,0176,BULK,PC,150,201911,1,K,DB,,AAF,0.036,mg/l,,
CHEM,Sweden,PC,SE14,IV,0176,BULK,PC,150,201911,1,MG,DB,,AAF,0.014,mg/l,,
CHEM,Sweden,PC,SE14,IV,0176,BULK,PC,150,201911,1,MN,DB,,PLM,8e-4,µg/l,,
CHEM,Sweden,PC,SE14,IV,0176,BULK,PC,150,201911,1,MO,DB,,PLM,0.02,µg/l,L,
CHEM,Sweden,PC,SE14,IV,0176,BULK,PC,150,201911,1,,DB,,AAF,0.082,mg/l,,
CHEM,Sweden,PC,SE14,IV,0176,BULK,PC,150,201911,1,NH4N,DB,,SP,0.2683,mg/l,,
CHEM,Sweden,PC,SE14,IV,0176,BULK,PC,150,201911,1,NI,DB,,PLM,0.138,µg/l,,
CHEM,Sweden,PC,SE14,IV,0176,BULK,PC,150,201911,1,NO3N,DB,,IC,0.2542,mg/l,,
CHEM,Sweden,PC,SE14,IV,0176,BULK,PC,150,201911,1,NTOT,DB,,IC,0.4816,mg/l,,
CHEM,Sweden,PC,SE14,IV,0176,BULK,PC,150,201911,1,PB,DB,,PLM,1.92,µg/l,,
CHEM,Sweden,PC,SE14,IV,0176,BULK,PC,150,201911,1,PH,DB,,TIE,5.08,,,
CHEM,Sweden,PC,SE14,IV,0176,BULK,PC,150,201911,1,PREC,DB,,,91.7467,mm,,
CHEM,Sweden,PC,SE14,IV,0176,BULK,PC,150,201911,1,PTOT,DB,,SP,0.01,mg/l,L,
CHEM,Sweden,PC,SE14,IV,0176,BULK,PC,150,201911,1,SE,DB,,PLM,0.08,µg/l,,
CHEM,Sweden,PC,SE14,IV,0176,BULK,PC,150,201911,1,SO4S,DB,,IC,0.2031,mg/l,,
CHEM,Sweden,PC,SE14,IV,0176,BULK,PC,150,201911,1,V,DB,,PLM,0.099,µg/l,,
CHEM,Sweden,PC,SE14,IV,0176,BULK,PC,150,201911,1,ZN,DB,,PLM,3.87,µg/l,,
CHEM,Sweden,PC,SE14,IV,0176,BULK,PC,150,201912,1,AL,DB,,PLM,0.0071,µg/l,,
CHEM,Sweden,PC,SE14,IV,0176,BULK,PC,150,201912,1,AS,DB,,PLM,0.054,µg/l,,
CHEM,Sweden,PC,SE14,IV,0176,BULK,PC,150,201912,1,CA,DB,,AAF,0.078,mg/l,,
CHEM,Sweden,PC,SE14,IV,0176,BULK,PC,150,201912,1,CD,DB,,PLM,0.0112,µg/l,,
CHEM,Sweden,PC,SE14,IV,0176,BULK,PC,150,201912,1,CL,DB,,IC,1.6026,mg/l,,
CHEM,Sweden,PC,SE14,IV,0176,BULK,PC,150,201912,1,CO,DB,,PLM,0.007,µg/l,,
CHEM,Sweden,PC,SE14,IV,0176,BULK,PC,150,201912,1,COND,DB,,CN,1.54,mS/m,,
CHEM,Sweden,PC,SE14,IV,0176,BULK,PC,150,201912,1,CR,DB,,PLM,0.056,µg/l,,
CHEM,Sweden,PC,SE14,IV,0176,BULK,PC,150,201912,1,CU,DB,,PLM,0.275,µg/l,,
CHEM,Sweden,PC,SE14,IV,0176,BULK,PC,150,201912,1,DOC,DB,,,1.9306,mg/l,,
CHEM,Sweden,PC,SE14,IV,0176,BULK,PC,150,201912,1,FE,DB,,PLM,0.0039,µg/l,,
CHEM,Sweden,PC,SE14,IV,0176,BULK,PC,150,201912,1,HG,DB,,AFC,2.3,µg/l,,
CHEM,Sweden,PC,SE14,IV,0176,BULK,PC,150,201912,1,HGM,DB,,AFC,149,ng/l,,
CHEM,Sweden,PC,SE14,IV,0176,BULK,PC,150,201912,1,K,DB,,AAF,0.0488,mg/l,,
CHEM,Sweden,PC,SE14,IV,0176,BULK,PC,150,201912,1,MG,DB,,AAF,0.1116,mg/l,,
CHEM,Sweden,PC,SE14,IV,0176,BULK,PC,150,201912,1,MN,DB,,PLM,7e-4,µg/l,,
CHEM,Sweden,PC,SE14,IV,0176,BULK,PC,150,201912,1,MO,DB,,PLM,0.02,µg/l,L,
CHEM,Sweden,PC,SE14,IV,0176,BULK,PC,150,201912,1,,DB,,AAF,0.9761,mg/l,,
CHEM,Sweden,PC,SE14,IV,0176,BULK,PC,150,201912,1,NH4N,DB,,SP,0.1488,mg/l,,
CHEM,Sweden,PC,SE14,IV,0176,BULK,PC,150,201912,1,NI,DB,,PLM,0.071,µg/l,,
CHEM,Sweden,PC,SE14,IV,0176,BULK,PC,150,201912,1,NO3N,DB,,IC,0.2754,mg/l,,
CHEM,Sweden,PC,SE14,IV,0176,BULK,PC,150,201912,1,NTOT,DB,,IC,0.3754,mg/l,,
CHEM,Sweden,PC,SE14,IV,0176,BULK,PC,150,201912,1,PB,DB,,PLM,0.301,µg/l,,
CHEM,Sweden,PC,SE14,IV,0176,BULK,PC,150,201912,1,PH,DB,,TIE,4.89,,,
CHEM,Sweden,PC,SE14,IV,0176,BULK,PC,150,201912,1,PREC,DB,,,85.1932,mm,,
CHEM,Sweden,PC,SE14,IV,0176,BULK,PC,150,201912,1,PTOT,DB,,SP,0.01,mg/l,L,
CHEM,Sweden,PC,SE14,IV,0176,BULK,PC,150,201912,1,SE,DB,,PLM,0.06,µg/l,,
CHEM,Sweden,PC,SE14,IV,0176,BULK,PC,150,201912,1,SO4S,DB,,IC,0.1906,mg/l,,
CHEM,Sweden,PC,SE14,IV,0176,BULK,PC,150,201912,1,V,DB,,PLM,0.101,µg/l,,
CHEM,Sweden,PC,SE14,IV,0176,BULK,PC,150,201912,1,ZN,DB,,PLM,2.36,µg/l,,
